document_id,ascii_pdf_file_name
OPS-GEN-1.3,LSF2026_operations_management_manual_v1.3.pdf
OPS-NET-2.1,LSF2026_stage_audio_network_operations_v2.1.pdf
OPS-GATE-1.2,LSF2026_admission_gate_incident_response_v1.2.pdf
TKT-REFUND-2.0,LSF2026_ticket_refund_policy_v2.0.pdf
WX-PLAN-1.4,LSF2026_severe_weather_contingency_plan_v1.4.pdf
IR-2026-081,IR-2026-081_waveform_arena_delay_report.pdf
SB-NW-2603,SB-NW-2603_network_switch_cooling_fan_bulletin.pdf
IR-2026-084,IR-2026-084_gate_c_congestion_report.pdf
MIN-MERCH-2026-04,LSF2026_merchandise_inventory_planning_minutes.pdf
OPS-ACT-1.0,LSF2026_improvement_task_registration_procedure.pdf
