relative_path,size_bytes,sha256,object_storage_include
README.md,3279,b2211c32b4b4fbc0b911e4c70d93855d3709f480f0a7f3a06a81539aaafe9459,0
agent/select_ai_settings.md,819,146adf7d335c8605d4d9a1089f0daae6f148537f27a55995e1c58ce5bb53a664,0
agent/system_prompt.md,1314,09d4a3f74c741cb3705ca1bfdd2d0b04ff9c024f2d17706450884bb68a9c9a5f,0
agent/test_questions.md,2602,a7dab2470ff188064352a8884cb73a1fdea85f06c5e3a7461df1fe9ebf50566d,0
agent/tool_descriptions.md,1023,a7751495747d35e8127a8395fc1991a277ec5b985cdb44f86169033a469ae4fe,0
agent/workflow_design.md,570,ac5ab43b2a9546dd54cff56a0b119f4247aa8293141a0c113cea7b3ce08abd2a,0
blog/autonomous-ai-lakehouse-private-agent-factory-lakehouse-sound-festival-2026.md,32412,7ee5b5b68c1e5a51e9223038e91bf5110943285d18b42a48766bf3d491c277f6,0
data/csv/master/artists.csv,1989,5503815398ce269a42deaa6677abfbaf2827099a06c0a8f1e357dc661f741765,1
data/csv/master/attendee_master.csv,1045511,5435bf02bdc06875a5aab11877bb92ac72a232e2e83439c95f34a50ae30d1139,1
data/csv/master/equipment_master.csv,8874,d09b9cae757a0b6871e708772279f0c301be1aa8d9aa416be2a56a2321a31ce8,1
data/csv/master/festival_master.csv,240,d4403346c5598fd4ad27e0c857d12c337721861866db738898541caa651d6548,1
data/csv/master/gates.csv,396,20365683733e3838d9657965b2b6e5384a3a4899562ab5e4049b84f94458c137,1
data/csv/master/merchandise_products.csv,2669,d97f6f84eb17a1a0c126ee536e2516b18373b5fe906e517bfa86e7f69f9f95fd,1
data/csv/master/staff_teams.csv,683,3960d64f519b647971098a6014c25e7f7a0ec589d95d69a7b95f5ec4ac2c26f7,1
data/csv/master/stages.csv,408,7df9a9d690d73716f9ea105f3669a9dcf3efc12acb6c8969b645274a7503199d,1
data/csv/master/ticket_types.csv,404,40b1a157fc56f5228b2e986c33a56ea7d1e64a85ae687015cede797268a6ec86,1
data/csv/master/vendors.csv,464,0c88a54fdd3ae47258ddbb6789b8344d754aacbab7f7a9b7a2b497823f699f81,1
data/csv/transactions/admission_logs.csv,3954820,685103fa138e94ad5f669979e52d4b55209529f0c26022b42d864c3345a28bc7,1
data/csv/transactions/equipment_maintenance.csv,5011,b58c56079e24a0bbd3999e31a10fa48ff13d336a3f55cfa96b9640189aa1d458,1
data/csv/transactions/equipment_sensor_logs.csv,3612277,e6b886fcca849daf12141acbfaa5bb6e6fce85b5e7b9d9283191301af75f2276,1
data/csv/transactions/incidents.csv,6028,2fcdcc265c91dfbf0329d8dcd2edccc731867dc1fa1eea7b5bce7e2b6296ed76,1
data/csv/transactions/inventory_snapshots.csv,189059,9d6e7c585ab1ebd0d65daf191baa985eab74e26e5bdf6d1b597960ced878451a,1
data/csv/transactions/merch_interest_signals.csv,4421,fa5164394b4de5074c17c156b11f1a40189924d02d77c489377a93367e446bc7,1
data/csv/transactions/merch_inventory_plan.csv,2003,f96e18e33d614a1a2c0be1dd09e4b93da4a7287eb3d3a3744c805e1d3c825375,1
data/csv/transactions/merchandise_sales.csv,1336746,e176b939957048e63b17a2bf239a23e479eb466baa4d14167fe7de46ee017143,1
data/csv/transactions/performance_actual.csv,6443,3ba21f8af77fec0a74d99e545f230ecf2d4e0b7cf9f1bebad923eb94cc51c931,1
data/csv/transactions/performance_schedule.csv,8318,b67d592ebe496a15f5e3854b455c06001b9f4d7da27456ccc7022e65de2b42a0,1
data/csv/transactions/refund_requests.csv,240364,02237f3d8fe6bc6729d4fc7fe5ce6a039dfe6a2c5844806c5903d7ab6b91cc00,1
data/csv/transactions/ticket_sales.csv,2167625,a8de1f902c3cc9ae7dc9b58d282f92e071591292fa0dbc4e0427d5f8fdc4cf6f,1
data/csv/transactions/weather_observations.csv,14859,36fa854cdacc99ca60957f3c5adcdc12bf821d1ba673f2c2daabe987de23c92c,1
data/jsonl/attendee_feedback.jsonl,1325335,f5c2415992a6e4e3966abc45da662753fc4e656b5ea85bc550c1896004e90a1b,1
data/jsonl/staff_action_logs.jsonl,51526,c720b4dc96cc74ba803ccdd2de53bab452fb1192062d7eba12c6ec172778a1f0,1
data/parquet/admission_logs/year=2026/month=08/day=07/part-000.parquet,1629267,4c8f52505e0fe0267b70734f56b9df63c35daacfba062c3c12313c51305d37ba,1
data/parquet/admission_logs/year=2026/month=08/day=07/part-000.parquet.schema.json,883,ae67b7628a781711b5389ab16bd4b12a7a486f86e0d541094e7488fb6ddacabc,1
data/parquet/admission_logs/year=2026/month=08/day=08/part-000.parquet,2037026,40df85a8d827665a14776038aaf75550ef82f4fded9ac33f5002d6c2c91c47f6,1
data/parquet/admission_logs/year=2026/month=08/day=08/part-000.parquet.schema.json,883,0474e03bb6dbdbbca266910e870b3061337aa70f4d7572b666383bbfbd369a1a,1
data/parquet/admission_logs/year=2026/month=08/day=09/part-000.parquet,1628969,9c6baf59590a26e27f2d5c3793ef2d9deb34f8a5d147da2dbc7808407c1822dd,1
data/parquet/admission_logs/year=2026/month=08/day=09/part-000.parquet.schema.json,883,aa0f3cd2e7bbb6132d5d2fddc996164a9c00f1ac641351f25ed699c458fa3650,1
data/parquet/equipment_maintenance/equipment_maintenance.parquet,6532,33796738fb2efb7540f580edbb82538b21606f0bef97ead9e5db0bb21b6d9395,1
data/parquet/equipment_maintenance/equipment_maintenance.parquet.schema.json,666,1d42923cd5d84fdef6841175fbf49b29a7c37fc922d7e5ec7ad4947d31d65467,1
data/parquet/equipment_sensor_logs/year=2026/month=08/day=07/part-000.parquet,1508132,32c5532f577c2aa2a160e599c59a9b11a04107498792ac4bac2c1168eae630fb,1
data/parquet/equipment_sensor_logs/year=2026/month=08/day=07/part-000.parquet.schema.json,727,47fdd656e3273f22079f547e9d224fc8144e37431862e9c2d1d8fd49fe858b47,1
data/parquet/equipment_sensor_logs/year=2026/month=08/day=08/part-000.parquet,1508206,67a2973f0e44ba1ce9f05789bcaa352aa421acc84d902bd00a083f2a92448c72,1
data/parquet/equipment_sensor_logs/year=2026/month=08/day=08/part-000.parquet.schema.json,727,47fdd656e3273f22079f547e9d224fc8144e37431862e9c2d1d8fd49fe858b47,1
data/parquet/equipment_sensor_logs/year=2026/month=08/day=09/part-000.parquet,1508132,2d8dbb1ccdee2152c0e33d7a48eef304a35a4dd2eb72e619c4895f67bf19c307,1
data/parquet/equipment_sensor_logs/year=2026/month=08/day=09/part-000.parquet.schema.json,727,47fdd656e3273f22079f547e9d224fc8144e37431862e9c2d1d8fd49fe858b47,1
data/parquet/incidents/incidents.parquet,7895,522aad8c3aff6931e590c0a129220b3030b8ab3b586642527b95d8dd2480a75a,1
data/parquet/incidents/incidents.parquet.schema.json,999,46fb015d696e600bc2ce0c0dad9eba0aa3c38152e5b216671d8f4d99e002ddce,1
data/parquet/inventory_snapshots/year=2026/month=08/day=07/part-000.parquet,85882,3a12fdaa7b57c0d0cb45bce5d81222086f441796ed90b8ab41e8f62aad7a1319,1
data/parquet/inventory_snapshots/year=2026/month=08/day=07/part-000.parquet.schema.json,667,db98136cd05bc75a21cfa549d137dc58707fe04ade572c417054e3a7664be262,1
data/parquet/inventory_snapshots/year=2026/month=08/day=08/part-000.parquet,85975,214fd73a0d6b03073805588f49d9ef64f74c121f552e54c2e1d34a28f5117606,1
data/parquet/inventory_snapshots/year=2026/month=08/day=08/part-000.parquet.schema.json,667,db98136cd05bc75a21cfa549d137dc58707fe04ade572c417054e3a7664be262,1
data/parquet/inventory_snapshots/year=2026/month=08/day=09/part-000.parquet,86020,feecdd9878fbaa806975d93d8c8bcc9ab4ec00f86c1a69d08547321bd9f8097d,1
data/parquet/inventory_snapshots/year=2026/month=08/day=09/part-000.parquet.schema.json,667,db98136cd05bc75a21cfa549d137dc58707fe04ade572c417054e3a7664be262,1
data/parquet/merchandise_sales/year=2026/month=08/day=07/part-000.parquet,545638,c9d36c825b247fa6ad6a5af28c84467b781b44a584c7ae100e541ceed4299b25,1
data/parquet/merchandise_sales/year=2026/month=08/day=07/part-000.parquet.schema.json,867,7aac35aa4fde0533f082f5039ec2f476bebd0740f842682e9a04c49ad03fa2fc,1
data/parquet/merchandise_sales/year=2026/month=08/day=08/part-000.parquet,679740,7f54c095c62785ec5dd78a7586c3df71bc89d6e86277ab17e719776d0b0ecc74,1
data/parquet/merchandise_sales/year=2026/month=08/day=08/part-000.parquet.schema.json,867,d089706c2b5c8acedf1a39881e1997e0e494032506da748b2b0261e730cd52d6,1
data/parquet/merchandise_sales/year=2026/month=08/day=09/part-000.parquet,545355,47ac1ba949a53e1cda1613dba01dbbc8ecdefa06cd3176b37ae590a03ced4651,1
data/parquet/merchandise_sales/year=2026/month=08/day=09/part-000.parquet.schema.json,867,7aac35aa4fde0533f082f5039ec2f476bebd0740f842682e9a04c49ad03fa2fc,1
data/parquet/performances/performance_actual.parquet,9315,5c6f2e358d74096e2708885dccec5039c4d304687d715a482c6d9476c0b94c30,1
data/parquet/performances/performance_actual.parquet.schema.json,746,9a8bd9eaf6f87e2e1d017bc27af82a34f08fbcab95fa586468cb56783968fc27,1
data/parquet/performances/performance_schedule.parquet,12157,f21a6e86fcea90c2bbaa4a22dd840f65087f24c40122b028c243a588c261738c,1
data/parquet/performances/performance_schedule.parquet.schema.json,887,206b9ee2803a386c9f27252ee7bc03c3f605f2dd96a267be7c62bf2d1f01b93f,1
data/parquet/refund_requests/refund_requests.parquet,279473,7a389ac8ec3afa1f42430eb2e854efc18bb94a54835ae2b2776bd3580db658f3,1
data/parquet/refund_requests/refund_requests.parquet.schema.json,752,e95dc5e8d210f90db3ce7d12b52ef6270c8d2b8ef5331f0c81bd2be28f228f3f,1
data/parquet/ticket_sales/ticket_sales.parquet,2934462,85ee0aed36015b206e83633c9b9061c66159d30409e66d252d0b4780d0a6e140,1
data/parquet/ticket_sales/ticket_sales.parquet.schema.json,973,edf154949c96ac6e729059236f47abc8bed8da8767f21e5ef29b6bb3ddfb3275,1
data/parquet/weather_observations/year=2026/month=08/day=07/part-000.parquet,7834,6579097a1f264609f39dcb324a136318ae257f42ed2582a27a98df28ddffe9a3,1
data/parquet/weather_observations/year=2026/month=08/day=07/part-000.parquet.schema.json,901,c48f7e261fa1cdf7daabddef925907b3f04a2debbeaf07667d115636851d61f4,1
data/parquet/weather_observations/year=2026/month=08/day=08/part-000.parquet,7833,7d3eaed982d721ee43331ab7250600fb1d285b565e1c629812fc38220b1bf08a,1
data/parquet/weather_observations/year=2026/month=08/day=08/part-000.parquet.schema.json,901,c48f7e261fa1cdf7daabddef925907b3f04a2debbeaf07667d115636851d61f4,1
data/parquet/weather_observations/year=2026/month=08/day=09/part-000.parquet,7912,e4025decbfe6c01247fc54f3de68e2f2e3d3388ba24c44938bad5f06bb64ba05,1
data/parquet/weather_observations/year=2026/month=08/day=09/part-000.parquet.schema.json,901,c48f7e261fa1cdf7daabddef925907b3f04a2debbeaf07667d115636851d61f4,1
diagrams/architecture.mmd,437,dd52d5e58ee7bfdfdc7cedbf809cb2f1a6db7d984949516dc395348fc72b34a2,0
diagrams/data_flow.mmd,475,011faf2fc24217bfe43cf494171e5195342c5ca44424578a000346750e86b6a9,0
documents/pdf/IR-2026-081_Waveform_Arena遅延報告.pdf,325119,e459f77a98629814a7e4f450555b94cf95fe95b0223cc6bf9fea800b60db53e9,1
documents/pdf/IR-2026-084_Gate_C混雑報告.pdf,317811,437a0a166736272832d815cd9d2838aaef3f0ba418113ee2789bdf7fad2fa056,1
documents/pdf/LSF2026_ステージ音響ネットワーク運用手順_v2.1.pdf,329372,93dc3f835347d683c45cc025bc21cb025a684c84ee5282673085bca12a6fcdfc,1
documents/pdf/LSF2026_チケット払戻ポリシー_v2.0.pdf,315325,8b89d91be2b9cbff60a5fdbdcb5eb94f4ba9c9c793649eca017c4eb6e8ce64df,1
documents/pdf/LSF2026_入場ゲート障害対応手順_v1.2.pdf,316496,129cebc263f09a4d5fc5f00d206af95e3e3803278d90200b052c379e2c79434e,1
documents/pdf/LSF2026_悪天候対応計画_v1.4.pdf,291957,6d034089665f9a525d33d233467ea4d1c6985708df9b8d59da19b1a7ba5789bf,1
documents/pdf/LSF2026_改善タスク登録手順.pdf,321697,36b6fea64436cadb39b8cdea9d060e0c85150296d5aff482b1b68d900f971d65,1
documents/pdf/LSF2026_物販売上在庫計画会議議事録.pdf,316135,ec2212e533e20b50d8cee21147a75ffdef9317f4beeb6111403087d74018a29b,1
documents/pdf/LSF2026_運営統括マニュアル_v1.3.pdf,333955,bf744c257ba04ae6e77abf43b710ae1248e1b8a52dbe69cf41568e2c8995eca4,1
documents/pdf/SB-NW-2603_ネットワークスイッチ冷却ファン通知.pdf,319436,031d1b831ff37b74217ecaba81309964514eb5f07f7b9d4c22317ba8614e2e96,1
documents/source/IR-2026-081_Waveform_Arena遅延報告.html,7035,a42c3755ff52dcd1d6d36865d790151f0c1e3412ac04953235a7111b409b6f5d,0
documents/source/IR-2026-084_Gate_C混雑報告.html,6240,abd11bb98d855fcf44b5465b16b045fd21ef145ebf0e63f2aa71d2355e906bcd,0
documents/source/LSF2026_ステージ音響ネットワーク運用手順_v2.1.html,7145,51ee74c241b43c96db8ef2b7ee1437196f6085c2f3bedcbff8068fd21bcd8d2d,0
documents/source/LSF2026_チケット払戻ポリシー_v2.0.html,6377,34b10a3e3b4e7d8c9dca038a09dc9cb0ff9cc9cd442a5faed0bf0a7f9d3829dc,0
documents/source/LSF2026_入場ゲート障害対応手順_v1.2.html,6727,8877a7902a7c5dfd1d69bc30dff74e0a4ad124537aeebe14e967fd1bfe49ee67,0
documents/source/LSF2026_悪天候対応計画_v1.4.html,6176,30d58030d270cf5ef58c7d2a2ee48f8eb3f04d36068d838aba4d3221c1562e7a,0
documents/source/LSF2026_改善タスク登録手順.html,6296,7eacf2a4992986220872f9287bad2274dcc823a883934d15250da50b35371670,0
documents/source/LSF2026_物販売上在庫計画会議議事録.html,6206,b9b467688822ddd736e5aa230fd3e4855eb52639fdf1a88dfed40419af758e89,0
documents/source/LSF2026_運営統括マニュアル_v1.3.html,7089,f0362b34cdae3f75e48e6aabd27461ac6fe3efe22c2474b7bcd77cea725429f2,0
documents/source/SB-NW-2603_ネットワークスイッチ冷却ファン通知.html,6104,e3080f8bd33e1582675007970c9fbbcdb1e35618d6d29069eef809d0d46330ed,0
documents/source/document_build_manifest.json,1723,605837150516ae3aaf5c5d82de12e7a1bfbc30b6f39186fcdcaa421fe3559aff,0
generator/README.md,1056,faab820de1a8df0c420df82025980c02b9e6022dc848823733befe9f8b58a0e7,0
generator/generate_blog.py,36868,40475d624fb32dae5f1957d31e01c0d8aeb1e7c3df6af05abecf8965bf2d2730,0
generator/generate_data.py,122990,51a259ca309e592da96ef27235662b0ae5e6ab23f7b8b3a06eaaa00abea2cd75,0
generator/generate_documents.py,26537,3bbb1ebc939058718a00a1338877d88d05205ad3451af24a322fbd915c99663f,0
generator/miniparquet.py,12670,d85dca781f1bd8a9797add90dcfc95d46f3157d24238d0f9ae50c4e3ef11a2cf,0
generator/requirements.txt,52,3d1c51bc27d4833f9d9d7494411a4c56abfedd1c9058bdbb7943b40a7e37dbbf,0
metadata/business_terms.csv,570,9982253b6d3736df9cbad962ba05467242dec8d09965e4b004537362523fecef,1
metadata/data_dictionary.xlsx,24294,4d5a526c0eef529aab3f19e9ebf7110ba27bde3eaaf987a519f1d8ff326312a2,0
metadata/document_catalog.csv,1419,0a804697d15682279adf2b70665f9e187fd688a2a0ed5ad8d7484dd78d85fdd1,1
scripts/upload_to_object_storage.sh,1137,c73df1e22e8d59a660ec205de9d804c8a33a21d1114f51bc22fe7d9ece3488a5,0
sql/00_variables.sql,324,389bdfd5bd953e907da64a3c5d30e6902eec1cc96e5bfdc23ee1483439609fd7,0
sql/01_create_object_storage_credential.sql,315,7961be68b6765f9021ae81f31917267938836d78f7d9fb44044863b0b452addb,0
sql/02_create_parquet_external_tables.sql,4071,c49ff883149fe2ff3de796d5f41d026e9a7958136044b45cd469e3973b3fbca4,0
sql/03_create_csv_external_tables.sql,2349,0033097e243bae9209620f0cc0f19802b6dcb55380f88eaea76e0e8df0eaf04c,0
sql/04_create_agent_views.sql,3033,35bf22235b18dc4697fd790a16360186ea2a5cd6a4a617901c0859e7dc5aace9,0
sql/05_create_agent_readonly_user.sql,569,782de26126eea76d2c4ec735e609bf02345bab62d508840754fe90bb63c8a1b6,0
sql/06_create_action_procedure.sql,1396,1cc7d9a40436ea1ccab5835344a2a69f091c3cce4b9a7017a60a808926b0a1c3,0
sql/07_validation_queries.sql,1054,d7dc153f88d86c967c5b18fd72bc6efc4814ebcb8f17475b4ae5e9924c736dbb,0
sql/run_all.sql,262,cc80a7b0d5009bea0ea3517cca8b2bac9c882863fc5e02d0b629a7a2dff05705,0
validation/expected_findings.md,1850,757ac4f6ea9966247f2777ba2cf9e9e08e708a27504c3075c2da064654ef55de,0
validation/expected_metrics.json,964,1c6d28e7bd4aaca076055b64bdb32119fab543f828d7afa4f772f51fe6b8458d,0
validation/expected_refund_decisions.csv,168004,ee217152dfcddb5911eb9d56f548ed47b5e08bebadc39bb313f7e35c47a61f49,0
validation/expected_results.xlsx,57586,050c3997751f188e7a8db592626f962ff72fb87c18c278e898234591e14a72e3,0
validation/qa_report.md,1135,5b90f8a1d175c8e181c76d75932b311e34adb15a1fa33a87d80f7c13d5b7be28,0
