maintenance_id,equipment_id,scheduled_date,completed_date,maintenance_type,status,vendor_id,notes
MNT-00001,EQ-NET-OM-01,2026-07-07,2026-07-09,FIRMWARE_CHECK,COMPLETED,VND-002,定期点検を完了。異常なし。
MNT-00002,EQ-DJM-OM-01,2026-05-16,2026-05-16,PRE_EVENT_INSPECTION,COMPLETED,VND-001,定期点検を完了。異常なし。
MNT-00003,EQ-DJP-OM-01,2026-05-02,2026-05-03,COOLING_INSPECTION,COMPLETED,VND-001,定期点検を完了。異常なし。
MNT-00004,EQ-DJP-OM-02,2026-06-17,2026-06-21,PRE_EVENT_INSPECTION,COMPLETED,VND-001,定期点検を完了。異常なし。
MNT-00005,EQ-CON-OM-01,2026-07-17,2026-07-21,PRE_EVENT_INSPECTION,COMPLETED,VND-003,定期点検を完了。異常なし。
MNT-00006,EQ-AMP-OM-01,2026-07-24,2026-07-25,POWER_TEST,COMPLETED,VND-003,定期点検を完了。異常なし。
MNT-00007,EQ-AMP-OM-02,2026-06-23,2026-06-24,POWER_TEST,COMPLETED,VND-003,定期点検を完了。異常なし。
MNT-00008,EQ-PWR-OM-01,2026-06-08,2026-06-09,COOLING_INSPECTION,COMPLETED,VND-007,定期点検を完了。異常なし。
MNT-00009,EQ-NET-WA-01,2026-07-25,,COOLING_FAN_REPLACEMENT,OVERDUE,VND-002,交換部品の納入遅延により未実施。高負荷イベント前の交換が必要。
MNT-00010,EQ-DJM-WA-01,2026-05-17,2026-05-21,POWER_TEST,COMPLETED,VND-001,定期点検を完了。異常なし。
MNT-00011,EQ-DJP-WA-01,2026-07-19,2026-07-20,PRE_EVENT_INSPECTION,COMPLETED,VND-001,定期点検を完了。異常なし。
MNT-00012,EQ-DJP-WA-02,2026-05-14,2026-05-16,POWER_TEST,COMPLETED,VND-001,定期点検を完了。異常なし。
MNT-00013,EQ-CON-WA-01,2026-07-01,2026-07-05,PRE_EVENT_INSPECTION,COMPLETED,VND-003,定期点検を完了。異常なし。
MNT-00014,EQ-AMP-WA-01,2026-07-25,2026-07-25,COOLING_INSPECTION,COMPLETED,VND-003,定期点検を完了。異常なし。
MNT-00015,EQ-AMP-WA-02,2026-05-05,2026-05-08,PRE_EVENT_INSPECTION,COMPLETED,VND-003,定期点検を完了。異常なし。
MNT-00016,EQ-PWR-WA-01,2026-05-17,2026-05-21,COOLING_INSPECTION,COMPLETED,VND-007,定期点検を完了。異常なし。
MNT-00017,EQ-NET-NG-01,2026-07-28,2026-07-30,FIRMWARE_CHECK,COMPLETED,VND-002,定期点検を完了。異常なし。
MNT-00018,EQ-DJM-NG-01,2026-06-26,2026-06-30,POWER_TEST,COMPLETED,VND-001,定期点検を完了。異常なし。
MNT-00019,EQ-DJP-NG-01,2026-07-06,2026-07-08,PRE_EVENT_INSPECTION,COMPLETED,VND-001,定期点検を完了。異常なし。
MNT-00020,EQ-DJP-NG-02,2026-07-22,2026-07-24,POWER_TEST,COMPLETED,VND-001,定期点検を完了。異常なし。
MNT-00021,EQ-CON-NG-01,2026-06-16,2026-06-20,FIRMWARE_CHECK,COMPLETED,VND-003,定期点検を完了。異常なし。
MNT-00022,EQ-AMP-NG-01,2026-05-04,2026-05-07,POWER_TEST,COMPLETED,VND-003,定期点検を完了。異常なし。
MNT-00023,EQ-AMP-NG-02,2026-05-23,2026-05-26,PRE_EVENT_INSPECTION,COMPLETED,VND-003,定期点検を完了。異常なし。
MNT-00024,EQ-PWR-NG-01,2026-05-20,2026-05-24,PRE_EVENT_INSPECTION,COMPLETED,VND-007,定期点検を完了。異常なし。
MNT-00025,EQ-NET-MG-01,2026-07-14,2026-07-14,COOLING_INSPECTION,COMPLETED,VND-002,定期点検を完了。異常なし。
MNT-00026,EQ-DJM-MG-01,2026-06-16,2026-06-20,POWER_TEST,COMPLETED,VND-001,定期点検を完了。異常なし。
MNT-00027,EQ-DJP-MG-01,2026-06-03,2026-06-04,COOLING_INSPECTION,COMPLETED,VND-001,定期点検を完了。異常なし。
MNT-00028,EQ-DJP-MG-02,2026-06-07,2026-06-08,PRE_EVENT_INSPECTION,COMPLETED,VND-001,定期点検を完了。異常なし。
MNT-00029,EQ-CON-MG-01,2026-05-18,2026-05-21,PRE_EVENT_INSPECTION,COMPLETED,VND-003,定期点検を完了。異常なし。
MNT-00030,EQ-AMP-MG-01,2026-07-28,2026-07-28,FIRMWARE_CHECK,COMPLETED,VND-003,定期点検を完了。異常なし。
MNT-00031,EQ-AMP-MG-02,2026-05-19,2026-05-21,PRE_EVENT_INSPECTION,COMPLETED,VND-003,定期点検を完了。異常なし。
MNT-00032,EQ-PWR-MG-01,2026-05-25,2026-05-26,COOLING_INSPECTION,COMPLETED,VND-007,定期点検を完了。異常なし。
MNT-00033,EQ-NET-NP-01,2026-06-10,2026-06-11,PRE_EVENT_INSPECTION,COMPLETED,VND-002,定期点検を完了。異常なし。
MNT-00034,EQ-DJM-NP-01,2026-06-15,2026-06-18,PRE_EVENT_INSPECTION,COMPLETED,VND-001,定期点検を完了。異常なし。
MNT-00035,EQ-DJP-NP-01,2026-07-06,2026-07-09,FIRMWARE_CHECK,COMPLETED,VND-001,定期点検を完了。異常なし。
MNT-00036,EQ-DJP-NP-02,2026-07-18,2026-07-20,COOLING_INSPECTION,COMPLETED,VND-001,定期点検を完了。異常なし。
MNT-00037,EQ-CON-NP-01,2026-06-07,2026-06-09,PRE_EVENT_INSPECTION,COMPLETED,VND-003,定期点検を完了。異常なし。
MNT-00038,EQ-AMP-NP-01,2026-07-05,2026-07-06,POWER_TEST,COMPLETED,VND-003,定期点検を完了。異常なし。
MNT-00039,EQ-AMP-NP-02,2026-07-05,2026-07-09,PRE_EVENT_INSPECTION,COMPLETED,VND-003,定期点検を完了。異常なし。
MNT-00040,EQ-PWR-NP-01,2026-06-28,2026-06-29,PRE_EVENT_INSPECTION,COMPLETED,VND-007,定期点検を完了。異常なし。
