incident_id,festival_date,location_id,category,severity,start_ts,end_ts,title,impacted_people,related_equipment_id,status,document_id,summary
INC-2026-081,2026-08-08,STG-WA,STAGE_NETWORK,HIGH,2026-08-08 14:42:00,2026-08-08 15:31:00,DJブース同期ネットワーク障害,7600,EQ-NET-WA-01,CLOSED,IR-2026-081,ネットワークスイッチ冷却ファン低下により温度とパケットロスが上昇し、複数公演に遅延が発生。
INC-2026-084,2026-08-08,GATE-C,ADMISSION_SYSTEM,MEDIUM,2026-08-08 10:18:00,2026-08-08 10:51:00,Riverside Gate QR読取障害,1340,SCAN-C-03,CLOSED,IR-2026-084,旧ファームウェア端末でQRタイムアウトが増加し、バックアップ端末への切替が基準より遅れた。
INC-2026-091,2026-08-09,STG-MG,SEVERE_WEATHER,HIGH,2026-08-09 18:05:00,2026-08-09 21:00:00,Modular Garden悪天候運用停止,3500,,CLOSED,,雷距離と瞬間風速が停止基準を超過し、屋外ステージを停止。Lunar Echo公演を中止。
INC-2026-073,2026-08-08,MERCH-CENTRAL,MERCH_STOCKOUT,LOW,2026-08-08 17:40:00,2026-08-08 23:00:00,Lunar Echo Signal Hoodie在庫切れ,310,,CLOSED,MIN-MERCH-2026-04,事前関心シグナルを在庫計画へ反映せず、需要予測690着に対して420着のみ配置したため完売。
INC-2026-M001,2026-08-07,STG-NP,SIGNAGE,MEDIUM,2026-08-07 15:27:00,2026-08-07 15:48:00,運営上の軽微事象 01,42,,CLOSED,,現場チームが標準手順に従って対応し、サービスへの重大な影響はなかった。
INC-2026-M002,2026-08-08,STG-OM,MEDICAL_ASSIST,LOW,2026-08-08 14:40:00,2026-08-08 14:55:00,運営上の軽微事象 02,68,,CLOSED,,現場チームが標準手順に従って対応し、サービスへの重大な影響はなかった。
INC-2026-M003,2026-08-09,MERCH-NORTH,SIGNAGE,LOW,2026-08-09 20:08:00,2026-08-09 20:33:00,運営上の軽微事象 03,24,,CLOSED,,現場チームが標準手順に従って対応し、サービスへの重大な影響はなかった。
INC-2026-M004,2026-08-07,GATE-B,POWER_WARNING,MEDIUM,2026-08-07 16:52:00,2026-08-07 17:10:00,運営上の軽微事象 04,14,,CLOSED,,現場チームが標準手順に従って対応し、サービスへの重大な影響はなかった。
INC-2026-M005,2026-08-08,MERCH-NORTH,QUEUE,LOW,2026-08-08 16:50:00,2026-08-08 17:01:00,運営上の軽微事象 05,75,,CLOSED,,現場チームが標準手順に従って対応し、サービスへの重大な影響はなかった。
INC-2026-M006,2026-08-09,GATE-B,MINOR_AUDIO,LOW,2026-08-09 12:50:00,2026-08-09 12:57:00,運営上の軽微事象 06,42,,CLOSED,,現場チームが標準手順に従って対応し、サービスへの重大な影響はなかった。
INC-2026-M007,2026-08-07,STG-OM,POWER_WARNING,LOW,2026-08-07 15:22:00,2026-08-07 15:34:00,運営上の軽微事象 07,80,,CLOSED,,現場チームが標準手順に従って対応し、サービスへの重大な影響はなかった。
INC-2026-M008,2026-08-08,GATE-A,MEDICAL_ASSIST,LOW,2026-08-08 15:31:00,2026-08-08 15:58:00,運営上の軽微事象 08,73,,CLOSED,,現場チームが標準手順に従って対応し、サービスへの重大な影響はなかった。
INC-2026-M009,2026-08-09,STG-NP,MEDICAL_ASSIST,LOW,2026-08-09 18:14:00,2026-08-09 18:26:00,運営上の軽微事象 09,20,,CLOSED,,現場チームが標準手順に従って対応し、サービスへの重大な影響はなかった。
INC-2026-M010,2026-08-07,STG-OM,QUEUE,LOW,2026-08-07 13:25:00,2026-08-07 13:43:00,運営上の軽微事象 10,49,,CLOSED,,現場チームが標準手順に従って対応し、サービスへの重大な影響はなかった。
INC-2026-M011,2026-08-08,MERCH-NORTH,POWER_WARNING,MEDIUM,2026-08-08 19:44:00,2026-08-08 19:49:00,運営上の軽微事象 11,29,,CLOSED,,現場チームが標準手順に従って対応し、サービスへの重大な影響はなかった。
INC-2026-M012,2026-08-09,STG-NP,QUEUE,LOW,2026-08-09 12:09:00,2026-08-09 12:37:00,運営上の軽微事象 12,61,,CLOSED,,現場チームが標準手順に従って対応し、サービスへの重大な影響はなかった。
INC-2026-M013,2026-08-07,GATE-B,SIGNAGE,LOW,2026-08-07 11:37:00,2026-08-07 11:54:00,運営上の軽微事象 13,78,,CLOSED,,現場チームが標準手順に従って対応し、サービスへの重大な影響はなかった。
INC-2026-M014,2026-08-08,GATE-B,MEDICAL_ASSIST,MEDIUM,2026-08-08 20:47:00,2026-08-08 20:53:00,運営上の軽微事象 14,83,,CLOSED,,現場チームが標準手順に従って対応し、サービスへの重大な影響はなかった。
INC-2026-M015,2026-08-09,MERCH-NORTH,POWER_WARNING,LOW,2026-08-09 18:15:00,2026-08-09 18:32:00,運営上の軽微事象 15,30,,CLOSED,,現場チームが標準手順に従って対応し、サービスへの重大な影響はなかった。
INC-2026-M016,2026-08-07,GATE-A,QUEUE,MEDIUM,2026-08-07 14:26:00,2026-08-07 14:39:00,運営上の軽微事象 16,90,,CLOSED,,現場チームが標準手順に従って対応し、サービスへの重大な影響はなかった。
INC-2026-M017,2026-08-08,GATE-A,LOST_AND_FOUND,MEDIUM,2026-08-08 17:19:00,2026-08-08 17:47:00,運営上の軽微事象 17,84,,CLOSED,,現場チームが標準手順に従って対応し、サービスへの重大な影響はなかった。
INC-2026-M018,2026-08-09,STG-NG,POWER_WARNING,LOW,2026-08-09 17:21:00,2026-08-09 17:46:00,運営上の軽微事象 18,60,,CLOSED,,現場チームが標準手順に従って対応し、サービスへの重大な影響はなかった。
INC-2026-M019,2026-08-07,STG-OM,LOST_AND_FOUND,LOW,2026-08-07 18:41:00,2026-08-07 19:06:00,運営上の軽微事象 19,3,,CLOSED,,現場チームが標準手順に従って対応し、サービスへの重大な影響はなかった。
INC-2026-M020,2026-08-08,STG-NG,QUEUE,MEDIUM,2026-08-08 16:04:00,2026-08-08 16:20:00,運営上の軽微事象 20,84,,CLOSED,,現場チームが標準手順に従って対応し、サービスへの重大な影響はなかった。
