product_id,festival_date,baseline_forecast_units,interest_adjusted_forecast_units,planned_stock_units,forecast_method_used,planning_note
MER-LUN-HOOD-BLK-M,2026-08-08,380,690,420,HISTORICAL_AVERAGE_ONLY,事前関心シグナルを未反映
MER-LUN-TEE-WHT-M,2026-08-08,328,378,320,BLENDED,標準計画
MER-CIR-TEE-BLK-L,2026-08-08,234,279,230,BLENDED,標準計画
MER-BYT-CAP-BLK,2026-08-08,169,188,180,BLENDED,標準計画
MER-MOD-TOW-GRN,2026-08-08,193,171,180,BLENDED,標準計画
MER-PUL-TEE-NVY-M,2026-08-08,212,251,220,BLENDED,標準計画
MER-FES-TEE-2026,2026-08-08,572,619,650,BLENDED,標準計画
MER-FES-TOW-2026,2026-08-08,836,818,800,BLENDED,標準計画
MER-FES-USB-SAMPLE,2026-08-08,282,263,250,BLENDED,標準計画
MER-FES-EARPLUG,2026-08-08,619,528,550,BLENDED,標準計画
MER-034-ACC-11,2026-08-08,255,241,228,BLENDED,標準計画
MER-001-T_S-12,2026-08-08,135,146,127,BLENDED,標準計画
MER-004-HOO-13,2026-08-08,162,168,153,BLENDED,標準計画
MER-007-TOW-14,2026-08-08,208,223,198,BLENDED,標準計画
MER-010-CAP-15,2026-08-08,188,206,200,BLENDED,標準計画
MER-013-POS-16,2026-08-08,178,236,196,BLENDED,標準計画
MER-016-ACC-17,2026-08-08,102,122,101,BLENDED,標準計画
MER-019-T_S-18,2026-08-08,210,219,191,BLENDED,標準計画
MER-022-HOO-19,2026-08-08,277,269,260,BLENDED,標準計画
MER-025-TOW-20,2026-08-08,149,179,167,BLENDED,標準計画
MER-028-CAP-21,2026-08-08,193,235,220,BLENDED,標準計画
MER-031-POS-22,2026-08-08,148,131,133,BLENDED,標準計画
MER-034-ACC-23,2026-08-08,231,259,243,BLENDED,標準計画
MER-001-T_S-24,2026-08-08,188,206,193,BLENDED,標準計画
MER-004-HOO-25,2026-08-08,129,162,130,BLENDED,標準計画
MER-007-TOW-26,2026-08-08,129,134,134,BLENDED,標準計画
MER-010-CAP-27,2026-08-08,133,143,138,BLENDED,標準計画
MER-013-POS-28,2026-08-08,208,205,200,BLENDED,標準計画
MER-016-ACC-29,2026-08-08,145,193,160,BLENDED,標準計画
MER-019-T_S-30,2026-08-08,86,106,90,BLENDED,標準計画
