signal_date,product_id,signal_source,interest_score,predicted_units
2026-08-01,MER-LUN-HOOD-BLK-M,APP_WISHLIST,96,310
2026-08-01,MER-LUN-HOOD-BLK-M,SOCIAL_MENTION,92,240
2026-08-01,MER-LUN-HOOD-BLK-M,PREORDER_CLICK,89,140
2026-08-01,MER-LUN-TEE-WHT-M,APP_WISHLIST,77,130
2026-08-01,MER-LUN-TEE-WHT-M,SOCIAL_MENTION,78,121
2026-08-01,MER-LUN-TEE-WHT-M,PREORDER_CLICK,27,106
2026-08-01,MER-CIR-TEE-BLK-L,APP_WISHLIST,55,96
2026-08-01,MER-CIR-TEE-BLK-L,SOCIAL_MENTION,33,80
2026-08-01,MER-CIR-TEE-BLK-L,PREORDER_CLICK,50,91
2026-08-01,MER-BYT-CAP-BLK,APP_WISHLIST,71,80
2026-08-01,MER-BYT-CAP-BLK,SOCIAL_MENTION,51,74
2026-08-01,MER-BYT-CAP-BLK,PREORDER_CLICK,75,78
2026-08-01,MER-MOD-TOW-GRN,APP_WISHLIST,71,69
2026-08-01,MER-MOD-TOW-GRN,SOCIAL_MENTION,26,54
2026-08-01,MER-MOD-TOW-GRN,PREORDER_CLICK,43,39
2026-08-01,MER-PUL-TEE-NVY-M,APP_WISHLIST,69,75
2026-08-01,MER-PUL-TEE-NVY-M,SOCIAL_MENTION,57,76
2026-08-01,MER-PUL-TEE-NVY-M,PREORDER_CLICK,83,72
2026-08-01,MER-FES-TEE-2026,APP_WISHLIST,28,192
2026-08-01,MER-FES-TEE-2026,SOCIAL_MENTION,55,186
2026-08-01,MER-FES-TEE-2026,PREORDER_CLICK,50,215
2026-08-01,MER-FES-TOW-2026,APP_WISHLIST,46,271
2026-08-01,MER-FES-TOW-2026,SOCIAL_MENTION,76,280
2026-08-01,MER-FES-TOW-2026,PREORDER_CLICK,85,258
2026-08-01,MER-FES-USB-SAMPLE,APP_WISHLIST,21,94
2026-08-01,MER-FES-USB-SAMPLE,SOCIAL_MENTION,78,68
2026-08-01,MER-FES-USB-SAMPLE,PREORDER_CLICK,33,83
2026-08-01,MER-FES-EARPLUG,APP_WISHLIST,74,183
2026-08-01,MER-FES-EARPLUG,SOCIAL_MENTION,27,168
2026-08-01,MER-FES-EARPLUG,PREORDER_CLICK,29,191
2026-08-01,MER-034-ACC-11,APP_WISHLIST,63,67
2026-08-01,MER-034-ACC-11,SOCIAL_MENTION,41,86
2026-08-01,MER-034-ACC-11,PREORDER_CLICK,73,78
2026-08-01,MER-001-T_S-12,APP_WISHLIST,68,51
2026-08-01,MER-001-T_S-12,SOCIAL_MENTION,75,48
2026-08-01,MER-001-T_S-12,PREORDER_CLICK,45,51
2026-08-01,MER-004-HOO-13,APP_WISHLIST,52,71
2026-08-01,MER-004-HOO-13,SOCIAL_MENTION,65,68
2026-08-01,MER-004-HOO-13,PREORDER_CLICK,43,47
2026-08-01,MER-007-TOW-14,APP_WISHLIST,53,58
2026-08-01,MER-007-TOW-14,SOCIAL_MENTION,49,67
2026-08-01,MER-007-TOW-14,PREORDER_CLICK,45,79
2026-08-01,MER-010-CAP-15,APP_WISHLIST,55,64
2026-08-01,MER-010-CAP-15,SOCIAL_MENTION,60,60
2026-08-01,MER-010-CAP-15,PREORDER_CLICK,46,55
2026-08-01,MER-013-POS-16,APP_WISHLIST,53,74
2026-08-01,MER-013-POS-16,SOCIAL_MENTION,56,82
2026-08-01,MER-013-POS-16,PREORDER_CLICK,77,61
2026-08-01,MER-016-ACC-17,APP_WISHLIST,53,49
2026-08-01,MER-016-ACC-17,SOCIAL_MENTION,37,21
2026-08-01,MER-016-ACC-17,PREORDER_CLICK,54,44
2026-08-01,MER-019-T_S-18,APP_WISHLIST,63,61
2026-08-01,MER-019-T_S-18,SOCIAL_MENTION,66,78
2026-08-01,MER-019-T_S-18,PREORDER_CLICK,77,82
2026-08-01,MER-022-HOO-19,APP_WISHLIST,69,89
2026-08-01,MER-022-HOO-19,SOCIAL_MENTION,64,100
2026-08-01,MER-022-HOO-19,PREORDER_CLICK,48,93
2026-08-01,MER-025-TOW-20,APP_WISHLIST,43,48
2026-08-01,MER-025-TOW-20,SOCIAL_MENTION,21,46
2026-08-01,MER-025-TOW-20,PREORDER_CLICK,76,42
2026-08-01,MER-028-CAP-21,APP_WISHLIST,23,72
2026-08-01,MER-028-CAP-21,SOCIAL_MENTION,69,93
2026-08-01,MER-028-CAP-21,PREORDER_CLICK,51,85
2026-08-01,MER-031-POS-22,APP_WISHLIST,67,61
2026-08-01,MER-031-POS-22,SOCIAL_MENTION,54,46
2026-08-01,MER-031-POS-22,PREORDER_CLICK,85,41
2026-08-01,MER-034-ACC-23,APP_WISHLIST,27,83
2026-08-01,MER-034-ACC-23,SOCIAL_MENTION,41,68
2026-08-01,MER-034-ACC-23,PREORDER_CLICK,79,106
2026-08-01,MER-001-T_S-24,APP_WISHLIST,42,51
2026-08-01,MER-001-T_S-24,SOCIAL_MENTION,69,59
2026-08-01,MER-001-T_S-24,PREORDER_CLICK,32,87
2026-08-01,MER-004-HOO-25,APP_WISHLIST,34,60
2026-08-01,MER-004-HOO-25,SOCIAL_MENTION,47,49
2026-08-01,MER-004-HOO-25,PREORDER_CLICK,64,53
2026-08-01,MER-007-TOW-26,APP_WISHLIST,77,56
2026-08-01,MER-007-TOW-26,SOCIAL_MENTION,63,37
2026-08-01,MER-007-TOW-26,PREORDER_CLICK,71,62
2026-08-01,MER-010-CAP-27,APP_WISHLIST,37,45
2026-08-01,MER-010-CAP-27,SOCIAL_MENTION,78,43
2026-08-01,MER-010-CAP-27,PREORDER_CLICK,56,57
2026-08-01,MER-013-POS-28,APP_WISHLIST,73,66
2026-08-01,MER-013-POS-28,SOCIAL_MENTION,38,69
2026-08-01,MER-013-POS-28,PREORDER_CLICK,44,83
2026-08-01,MER-016-ACC-29,APP_WISHLIST,75,65
2026-08-01,MER-016-ACC-29,SOCIAL_MENTION,66,75
2026-08-01,MER-016-ACC-29,PREORDER_CLICK,78,62
2026-08-01,MER-019-T_S-30,APP_WISHLIST,51,39
2026-08-01,MER-019-T_S-30,SOCIAL_MENTION,72,20
2026-08-01,MER-019-T_S-30,PREORDER_CLICK,36,38
