performance_id,festival_date,stage_id,artist_id,artist_name,genre,planned_start_ts,planned_end_ts,planned_duration_minutes,slot_index,headline_flag
PERF-0001,2026-08-07,STG-OM,ART-001,Lunar Echo,LIVE_ELECTRONICA,2026-08-07 11:00:00,2026-08-07 12:15:00,75,1,0
PERF-0002,2026-08-07,STG-OM,ART-002,Circuit Bloom,PROGRESSIVE_HOUSE,2026-08-07 13:00:00,2026-08-07 14:15:00,75,2,0
PERF-0003,2026-08-07,STG-OM,ART-003,ByteBender,TECHNO,2026-08-07 15:00:00,2026-08-07 16:15:00,75,3,0
PERF-0004,2026-08-07,STG-OM,ART-004,Velvet Voltage,ELECTRO_POP,2026-08-07 17:00:00,2026-08-07 18:15:00,75,4,0
PERF-0005,2026-08-07,STG-OM,ART-005,Modular Koi,MODULAR_SYNTH,2026-08-07 19:30:00,2026-08-07 21:00:00,90,5,1
PERF-0006,2026-08-07,STG-WA,ART-006,Pulse Atlas,TRANCE,2026-08-07 11:00:00,2026-08-07 12:15:00,75,1,0
PERF-0007,2026-08-07,STG-WA,ART-007,Neon Harbor,FUTURE_BASS,2026-08-07 13:00:00,2026-08-07 14:15:00,75,2,0
PERF-0008,2026-08-07,STG-WA,ART-008,Echo Syntax,MINIMAL_TECHNO,2026-08-07 15:00:00,2026-08-07 16:15:00,75,3,0
PERF-0009,2026-08-07,STG-WA,ART-009,Data Drift,AMBIENT,2026-08-07 17:00:00,2026-08-07 18:15:00,75,4,0
PERF-0010,2026-08-07,STG-WA,ART-010,Glass Oscillator,IDM,2026-08-07 19:30:00,2026-08-07 21:00:00,90,5,1
PERF-0011,2026-08-07,STG-NG,ART-011,Chrome Petals,HOUSE,2026-08-07 11:00:00,2026-08-07 12:15:00,75,1,0
PERF-0012,2026-08-07,STG-NG,ART-012,Signal Garden,DOWNTEMPO,2026-08-07 13:00:00,2026-08-07 14:15:00,75,2,0
PERF-0013,2026-08-07,STG-NG,ART-013,Subsonic Frame,BASS_MUSIC,2026-08-07 15:00:00,2026-08-07 16:15:00,75,3,0
PERF-0014,2026-08-07,STG-NG,ART-014,Phase Lantern,SYNTHWAVE,2026-08-07 17:00:00,2026-08-07 18:15:00,75,4,0
PERF-0015,2026-08-07,STG-NG,ART-015,Granular Sea,EXPERIMENTAL,2026-08-07 19:30:00,2026-08-07 21:00:00,90,5,1
PERF-0016,2026-08-07,STG-MG,ART-016,Tempo Mirage,DEEP_HOUSE,2026-08-07 11:00:00,2026-08-07 12:15:00,75,1,0
PERF-0017,2026-08-07,STG-MG,ART-017,Binary Sunset,MELODIC_TECHNO,2026-08-07 13:00:00,2026-08-07 14:15:00,75,2,0
PERF-0018,2026-08-07,STG-MG,ART-018,Quartz Motion,BREAKS,2026-08-07 15:00:00,2026-08-07 16:15:00,75,3,0
PERF-0019,2026-08-07,STG-MG,ART-019,Analog Aurora,LIVE_SYNTH,2026-08-07 17:00:00,2026-08-07 18:15:00,75,4,0
PERF-0020,2026-08-07,STG-MG,ART-020,Vector Rain,DRUM_AND_BASS,2026-08-07 19:30:00,2026-08-07 21:00:00,90,5,1
PERF-0021,2026-08-07,STG-NP,ART-021,MIDI Monsoon,LIVE_CODING,2026-08-07 11:00:00,2026-08-07 12:15:00,75,1,0
PERF-0022,2026-08-07,STG-NP,ART-022,Prism Relay,TECH_HOUSE,2026-08-07 13:00:00,2026-08-07 14:15:00,75,2,0
PERF-0023,2026-08-07,STG-NP,ART-023,Lowpass Lovers,LOFI_HOUSE,2026-08-07 15:00:00,2026-08-07 16:15:00,75,3,0
PERF-0024,2026-08-07,STG-NP,ART-024,Patch Memory,MODULAR_AMBIENT,2026-08-07 17:00:00,2026-08-07 18:15:00,75,4,0
PERF-0025,2026-08-07,STG-NP,ART-025,Sidechain City,EDM,2026-08-07 19:30:00,2026-08-07 21:00:00,90,5,1
PERF-0026,2026-08-08,STG-OM,ART-026,Wave Table,ELECTRO,2026-08-08 11:00:00,2026-08-08 12:15:00,75,1,0
PERF-0027,2026-08-08,STG-OM,ART-027,Clock Divider,INDUSTRIAL_TECHNO,2026-08-08 13:00:00,2026-08-08 14:15:00,75,2,0
PERF-0028,2026-08-08,STG-OM,ART-028,Reverb Forest,AMBIENT_TECHNO,2026-08-08 15:00:00,2026-08-08 16:15:00,75,3,0
PERF-0029,2026-08-08,STG-OM,ART-029,Transient Moon,GARAGE,2026-08-08 17:00:00,2026-08-08 18:15:00,75,4,0
PERF-0030,2026-08-08,STG-OM,ART-030,Stereo Comet,DISCO_HOUSE,2026-08-08 19:30:00,2026-08-08 21:00:00,90,5,1
PERF-0031,2026-08-08,STG-WA,ART-031,Noise Blossom,NOISE_POP,2026-08-08 11:00:00,2026-08-08 12:15:00,75,1,0
PERF-0032,2026-08-08,STG-WA,ART-032,Loop Meridian,LIVE_LOOPING,2026-08-08 13:00:00,2026-08-08 14:15:00,75,2,0
PERF-0033,2026-08-08,STG-WA,ART-002,Circuit Bloom,PROGRESSIVE_HOUSE,2026-08-08 15:00:00,2026-08-08 16:15:00,75,3,0
PERF-0034,2026-08-08,STG-WA,ART-033,Fader Ghost,BATTLE_DJ,2026-08-08 17:00:00,2026-08-08 18:15:00,75,4,0
PERF-0035,2026-08-08,STG-WA,ART-034,Spectrum Taxi,FUNKY_HOUSE,2026-08-08 19:30:00,2026-08-08 21:00:00,90,5,1
PERF-0036,2026-08-08,STG-NG,ART-035,Voltage Tea,CHILLWAVE,2026-08-08 11:00:00,2026-08-08 12:15:00,75,1,0
PERF-0037,2026-08-08,STG-NG,ART-036,Cloud Sequencer,GENERATIVE_MUSIC,2026-08-08 13:00:00,2026-08-08 14:15:00,75,2,0
PERF-0038,2026-08-08,STG-NG,ART-001,Lunar Echo,LIVE_ELECTRONICA,2026-08-08 15:00:00,2026-08-08 16:15:00,75,3,0
PERF-0039,2026-08-08,STG-NG,ART-002,Circuit Bloom,PROGRESSIVE_HOUSE,2026-08-08 17:00:00,2026-08-08 18:15:00,75,4,0
PERF-0040,2026-08-08,STG-NG,ART-003,ByteBender,TECHNO,2026-08-08 19:30:00,2026-08-08 21:00:00,90,5,1
PERF-0041,2026-08-08,STG-MG,ART-004,Velvet Voltage,ELECTRO_POP,2026-08-08 11:00:00,2026-08-08 12:15:00,75,1,0
PERF-0042,2026-08-08,STG-MG,ART-005,Modular Koi,MODULAR_SYNTH,2026-08-08 13:00:00,2026-08-08 14:15:00,75,2,0
PERF-0043,2026-08-08,STG-MG,ART-006,Pulse Atlas,TRANCE,2026-08-08 15:00:00,2026-08-08 16:15:00,75,3,0
PERF-0044,2026-08-08,STG-MG,ART-007,Neon Harbor,FUTURE_BASS,2026-08-08 17:00:00,2026-08-08 18:15:00,75,4,0
PERF-0045,2026-08-08,STG-MG,ART-008,Echo Syntax,MINIMAL_TECHNO,2026-08-08 19:30:00,2026-08-08 21:00:00,90,5,1
PERF-0046,2026-08-08,STG-NP,ART-009,Data Drift,AMBIENT,2026-08-08 11:00:00,2026-08-08 12:15:00,75,1,0
PERF-0047,2026-08-08,STG-NP,ART-010,Glass Oscillator,IDM,2026-08-08 13:00:00,2026-08-08 14:15:00,75,2,0
PERF-0048,2026-08-08,STG-NP,ART-011,Chrome Petals,HOUSE,2026-08-08 15:00:00,2026-08-08 16:15:00,75,3,0
PERF-0049,2026-08-08,STG-NP,ART-012,Signal Garden,DOWNTEMPO,2026-08-08 17:00:00,2026-08-08 18:15:00,75,4,0
PERF-0050,2026-08-08,STG-NP,ART-013,Subsonic Frame,BASS_MUSIC,2026-08-08 19:30:00,2026-08-08 21:00:00,90,5,1
PERF-0051,2026-08-09,STG-OM,ART-014,Phase Lantern,SYNTHWAVE,2026-08-09 11:00:00,2026-08-09 12:15:00,75,1,0
PERF-0052,2026-08-09,STG-OM,ART-015,Granular Sea,EXPERIMENTAL,2026-08-09 13:00:00,2026-08-09 14:15:00,75,2,0
PERF-0053,2026-08-09,STG-OM,ART-016,Tempo Mirage,DEEP_HOUSE,2026-08-09 15:00:00,2026-08-09 16:15:00,75,3,0
PERF-0054,2026-08-09,STG-OM,ART-017,Binary Sunset,MELODIC_TECHNO,2026-08-09 17:00:00,2026-08-09 18:15:00,75,4,0
PERF-0055,2026-08-09,STG-OM,ART-018,Quartz Motion,BREAKS,2026-08-09 19:30:00,2026-08-09 21:00:00,90,5,1
PERF-0056,2026-08-09,STG-WA,ART-019,Analog Aurora,LIVE_SYNTH,2026-08-09 11:00:00,2026-08-09 12:15:00,75,1,0
PERF-0057,2026-08-09,STG-WA,ART-020,Vector Rain,DRUM_AND_BASS,2026-08-09 13:00:00,2026-08-09 14:15:00,75,2,0
PERF-0058,2026-08-09,STG-WA,ART-021,MIDI Monsoon,LIVE_CODING,2026-08-09 15:00:00,2026-08-09 16:15:00,75,3,0
PERF-0059,2026-08-09,STG-WA,ART-022,Prism Relay,TECH_HOUSE,2026-08-09 17:00:00,2026-08-09 18:15:00,75,4,0
PERF-0060,2026-08-09,STG-WA,ART-023,Lowpass Lovers,LOFI_HOUSE,2026-08-09 19:30:00,2026-08-09 21:00:00,90,5,1
PERF-0061,2026-08-09,STG-NG,ART-024,Patch Memory,MODULAR_AMBIENT,2026-08-09 11:00:00,2026-08-09 12:15:00,75,1,0
PERF-0062,2026-08-09,STG-NG,ART-025,Sidechain City,EDM,2026-08-09 13:00:00,2026-08-09 14:15:00,75,2,0
PERF-0063,2026-08-09,STG-NG,ART-026,Wave Table,ELECTRO,2026-08-09 15:00:00,2026-08-09 16:15:00,75,3,0
PERF-0064,2026-08-09,STG-NG,ART-027,Clock Divider,INDUSTRIAL_TECHNO,2026-08-09 17:00:00,2026-08-09 18:15:00,75,4,0
PERF-0065,2026-08-09,STG-NG,ART-028,Reverb Forest,AMBIENT_TECHNO,2026-08-09 19:30:00,2026-08-09 21:00:00,90,5,1
PERF-0066,2026-08-09,STG-MG,ART-029,Transient Moon,GARAGE,2026-08-09 11:00:00,2026-08-09 12:15:00,75,1,0
PERF-0067,2026-08-09,STG-MG,ART-030,Stereo Comet,DISCO_HOUSE,2026-08-09 13:00:00,2026-08-09 14:15:00,75,2,0
PERF-0068,2026-08-09,STG-MG,ART-031,Noise Blossom,NOISE_POP,2026-08-09 15:00:00,2026-08-09 16:15:00,75,3,0
PERF-0069,2026-08-09,STG-MG,ART-032,Loop Meridian,LIVE_LOOPING,2026-08-09 17:00:00,2026-08-09 18:15:00,75,4,0
PERF-0070,2026-08-09,STG-MG,ART-001,Lunar Echo,LIVE_ELECTRONICA,2026-08-09 19:30:00,2026-08-09 21:00:00,90,5,1
PERF-0071,2026-08-09,STG-NP,ART-033,Fader Ghost,BATTLE_DJ,2026-08-09 11:00:00,2026-08-09 12:15:00,75,1,0
PERF-0072,2026-08-09,STG-NP,ART-034,Spectrum Taxi,FUNKY_HOUSE,2026-08-09 13:00:00,2026-08-09 14:15:00,75,2,0
PERF-0073,2026-08-09,STG-NP,ART-035,Voltage Tea,CHILLWAVE,2026-08-09 15:00:00,2026-08-09 16:15:00,75,3,0
PERF-0074,2026-08-09,STG-NP,ART-036,Cloud Sequencer,GENERATIVE_MUSIC,2026-08-09 17:00:00,2026-08-09 18:15:00,75,4,0
PERF-0075,2026-08-09,STG-NP,ART-001,Lunar Echo,LIVE_ELECTRONICA,2026-08-09 19:30:00,2026-08-09 21:00:00,90,5,1
