performance_id,festival_date,stage_id,actual_start_ts,actual_end_ts,delay_minutes,status,incident_id,cancellation_reason
PERF-0001,2026-08-07,STG-OM,2026-08-07 11:01:00,2026-08-07 12:19:00,1,COMPLETED,,
PERF-0002,2026-08-07,STG-OM,2026-08-07 13:07:00,2026-08-07 14:21:00,7,COMPLETED,,
PERF-0003,2026-08-07,STG-OM,2026-08-07 15:06:00,2026-08-07 16:21:00,6,COMPLETED,,
PERF-0004,2026-08-07,STG-OM,2026-08-07 17:06:00,2026-08-07 18:23:00,6,COMPLETED,,
PERF-0005,2026-08-07,STG-OM,2026-08-07 19:31:00,2026-08-07 21:02:00,1,COMPLETED,,
PERF-0006,2026-08-07,STG-WA,2026-08-07 11:03:00,2026-08-07 12:19:00,3,COMPLETED,,
PERF-0007,2026-08-07,STG-WA,2026-08-07 13:06:00,2026-08-07 14:17:00,6,COMPLETED,,
PERF-0008,2026-08-07,STG-WA,2026-08-07 15:07:00,2026-08-07 16:21:00,7,COMPLETED,,
PERF-0009,2026-08-07,STG-WA,2026-08-07 17:00:00,2026-08-07 18:14:00,0,COMPLETED,,
PERF-0010,2026-08-07,STG-WA,2026-08-07 19:33:00,2026-08-07 21:01:00,3,COMPLETED,,
PERF-0011,2026-08-07,STG-NG,2026-08-07 11:07:00,2026-08-07 12:21:00,7,COMPLETED,,
PERF-0012,2026-08-07,STG-NG,2026-08-07 13:01:00,2026-08-07 14:21:00,1,COMPLETED,,
PERF-0013,2026-08-07,STG-NG,2026-08-07 15:02:00,2026-08-07 16:15:00,2,COMPLETED,,
PERF-0014,2026-08-07,STG-NG,2026-08-07 17:06:00,2026-08-07 18:25:00,6,COMPLETED,,
PERF-0015,2026-08-07,STG-NG,2026-08-07 19:33:00,2026-08-07 21:06:00,3,COMPLETED,,
PERF-0016,2026-08-07,STG-MG,2026-08-07 11:01:00,2026-08-07 12:21:00,1,COMPLETED,,
PERF-0017,2026-08-07,STG-MG,2026-08-07 13:05:00,2026-08-07 14:18:00,5,COMPLETED,,
PERF-0018,2026-08-07,STG-MG,2026-08-07 15:02:00,2026-08-07 16:19:00,2,COMPLETED,,
PERF-0019,2026-08-07,STG-MG,2026-08-07 17:00:00,2026-08-07 18:13:00,0,COMPLETED,,
PERF-0020,2026-08-07,STG-MG,2026-08-07 19:37:00,2026-08-07 21:07:00,7,COMPLETED,,
PERF-0021,2026-08-07,STG-NP,2026-08-07 11:03:00,2026-08-07 12:23:00,3,COMPLETED,,
PERF-0022,2026-08-07,STG-NP,2026-08-07 13:07:00,2026-08-07 14:24:00,7,COMPLETED,,
PERF-0023,2026-08-07,STG-NP,2026-08-07 15:07:00,2026-08-07 16:25:00,7,COMPLETED,,
PERF-0024,2026-08-07,STG-NP,2026-08-07 17:05:00,2026-08-07 18:22:00,5,COMPLETED,,
PERF-0025,2026-08-07,STG-NP,2026-08-07 19:32:00,2026-08-07 21:02:00,2,COMPLETED,,
PERF-0026,2026-08-08,STG-OM,2026-08-08 11:04:00,2026-08-08 12:15:00,4,COMPLETED,,
PERF-0027,2026-08-08,STG-OM,2026-08-08 13:06:00,2026-08-08 14:25:00,6,COMPLETED,,
PERF-0028,2026-08-08,STG-OM,2026-08-08 15:01:00,2026-08-08 16:20:00,1,COMPLETED,,
PERF-0029,2026-08-08,STG-OM,2026-08-08 17:02:00,2026-08-08 18:14:00,2,COMPLETED,,
PERF-0030,2026-08-08,STG-OM,2026-08-08 19:32:00,2026-08-08 21:01:00,2,COMPLETED,,
PERF-0031,2026-08-08,STG-WA,2026-08-08 11:01:00,2026-08-08 12:15:00,1,COMPLETED,,
PERF-0032,2026-08-08,STG-WA,2026-08-08 13:06:00,2026-08-08 14:17:00,6,COMPLETED,,
PERF-0033,2026-08-08,STG-WA,2026-08-08 15:29:00,2026-08-08 16:43:00,29,COMPLETED,INC-2026-081,
PERF-0034,2026-08-08,STG-WA,2026-08-08 17:24:00,2026-08-08 18:41:00,24,COMPLETED,INC-2026-081,
PERF-0035,2026-08-08,STG-WA,2026-08-08 19:46:00,2026-08-08 21:21:00,16,COMPLETED,INC-2026-081,
PERF-0036,2026-08-08,STG-NG,2026-08-08 11:05:00,2026-08-08 12:21:00,5,COMPLETED,,
PERF-0037,2026-08-08,STG-NG,2026-08-08 13:00:00,2026-08-08 14:12:00,0,COMPLETED,,
PERF-0038,2026-08-08,STG-NG,2026-08-08 15:03:00,2026-08-08 16:18:00,3,COMPLETED,,
PERF-0039,2026-08-08,STG-NG,2026-08-08 17:06:00,2026-08-08 18:23:00,6,COMPLETED,,
PERF-0040,2026-08-08,STG-NG,2026-08-08 19:32:00,2026-08-08 21:00:00,2,COMPLETED,,
PERF-0041,2026-08-08,STG-MG,2026-08-08 11:06:00,2026-08-08 12:18:00,6,COMPLETED,,
PERF-0042,2026-08-08,STG-MG,2026-08-08 13:04:00,2026-08-08 14:15:00,4,COMPLETED,,
PERF-0043,2026-08-08,STG-MG,2026-08-08 15:02:00,2026-08-08 16:15:00,2,COMPLETED,,
PERF-0044,2026-08-08,STG-MG,2026-08-08 17:00:00,2026-08-08 18:16:00,0,COMPLETED,,
PERF-0045,2026-08-08,STG-MG,2026-08-08 19:37:00,2026-08-08 21:03:00,7,COMPLETED,,
PERF-0046,2026-08-08,STG-NP,2026-08-08 11:06:00,2026-08-08 12:25:00,6,COMPLETED,,
PERF-0047,2026-08-08,STG-NP,2026-08-08 13:03:00,2026-08-08 14:19:00,3,COMPLETED,,
PERF-0048,2026-08-08,STG-NP,2026-08-08 15:07:00,2026-08-08 16:18:00,7,COMPLETED,,
PERF-0049,2026-08-08,STG-NP,2026-08-08 17:03:00,2026-08-08 18:19:00,3,COMPLETED,,
PERF-0050,2026-08-08,STG-NP,2026-08-08 19:30:00,2026-08-08 20:56:00,0,COMPLETED,,
PERF-0051,2026-08-09,STG-OM,2026-08-09 11:00:00,2026-08-09 12:20:00,0,COMPLETED,,
PERF-0052,2026-08-09,STG-OM,2026-08-09 13:02:00,2026-08-09 14:13:00,2,COMPLETED,,
PERF-0053,2026-08-09,STG-OM,2026-08-09 15:07:00,2026-08-09 16:23:00,7,COMPLETED,,
PERF-0054,2026-08-09,STG-OM,2026-08-09 17:00:00,2026-08-09 18:11:00,0,COMPLETED,,
PERF-0055,2026-08-09,STG-OM,2026-08-09 19:35:00,2026-08-09 21:01:00,5,COMPLETED,,
PERF-0056,2026-08-09,STG-WA,2026-08-09 11:04:00,2026-08-09 12:24:00,4,COMPLETED,,
PERF-0057,2026-08-09,STG-WA,2026-08-09 13:07:00,2026-08-09 14:25:00,7,COMPLETED,,
PERF-0058,2026-08-09,STG-WA,2026-08-09 15:01:00,2026-08-09 16:16:00,1,COMPLETED,,
PERF-0059,2026-08-09,STG-WA,2026-08-09 17:07:00,2026-08-09 18:25:00,7,COMPLETED,,
PERF-0060,2026-08-09,STG-WA,2026-08-09 19:33:00,2026-08-09 21:07:00,3,COMPLETED,,
PERF-0061,2026-08-09,STG-NG,2026-08-09 11:06:00,2026-08-09 12:23:00,6,COMPLETED,,
PERF-0062,2026-08-09,STG-NG,2026-08-09 13:00:00,2026-08-09 14:18:00,0,COMPLETED,,
PERF-0063,2026-08-09,STG-NG,2026-08-09 15:07:00,2026-08-09 16:22:00,7,COMPLETED,,
PERF-0064,2026-08-09,STG-NG,2026-08-09 17:00:00,2026-08-09 18:11:00,0,COMPLETED,,
PERF-0065,2026-08-09,STG-NG,2026-08-09 19:35:00,2026-08-09 21:05:00,5,COMPLETED,,
PERF-0066,2026-08-09,STG-MG,2026-08-09 11:04:00,2026-08-09 12:21:00,4,COMPLETED,,
PERF-0067,2026-08-09,STG-MG,2026-08-09 13:06:00,2026-08-09 14:18:00,6,COMPLETED,,
PERF-0068,2026-08-09,STG-MG,2026-08-09 15:02:00,2026-08-09 16:14:00,2,COMPLETED,,
PERF-0069,2026-08-09,STG-MG,2026-08-09 17:03:00,2026-08-09 18:01:00,3,ENDED_EARLY,INC-2026-091,Severe weather suspension
PERF-0070,2026-08-09,STG-MG,,,0,CANCELED,INC-2026-091,Lightning risk and wind threshold exceeded
PERF-0071,2026-08-09,STG-NP,2026-08-09 11:03:00,2026-08-09 12:15:00,3,COMPLETED,,
PERF-0072,2026-08-09,STG-NP,2026-08-09 13:02:00,2026-08-09 14:19:00,2,COMPLETED,,
PERF-0073,2026-08-09,STG-NP,2026-08-09 15:00:00,2026-08-09 16:16:00,0,COMPLETED,,
PERF-0074,2026-08-09,STG-NP,2026-08-09 17:00:00,2026-08-09 18:14:00,0,COMPLETED,,
PERF-0075,2026-08-09,STG-NP,2026-08-09 19:30:00,2026-08-09 21:04:00,0,COMPLETED,,
