weather_event_id,observed_ts,festival_date,station_id,temperature_c,humidity_pct,wind_avg_mps,wind_gust_mps,rainfall_mm_15m,lightning_distance_km,weather_code
WTH-00001,2026-08-07 09:00:00,2026-08-07,WX-BAY-01,29.0,55.5,4.8,7.1,0.0,99.0,CLEAR
WTH-00002,2026-08-07 09:15:00,2026-08-07,WX-BAY-01,28.9,74.6,5.7,8.2,0.0,99.0,CLOUDY
WTH-00003,2026-08-07 09:30:00,2026-08-07,WX-BAY-01,29.8,69.4,3.6,5.3,0.0,99.0,CLEAR
WTH-00004,2026-08-07 09:45:00,2026-08-07,WX-BAY-01,29.0,55.3,4.7,6.9,0.0,99.0,CLEAR
WTH-00005,2026-08-07 10:00:00,2026-08-07,WX-BAY-01,29.7,69.4,2.7,5.7,0.0,99.0,CLOUDY
WTH-00006,2026-08-07 10:15:00,2026-08-07,WX-BAY-01,30.3,63.0,3.1,4.7,0.0,99.0,CLOUDY
WTH-00007,2026-08-07 10:30:00,2026-08-07,WX-BAY-01,29.2,70.7,4.2,8.4,0.0,99.0,CLOUDY
WTH-00008,2026-08-07 10:45:00,2026-08-07,WX-BAY-01,29.6,63.7,5.3,8.7,0.0,99.0,CLEAR
WTH-00009,2026-08-07 11:00:00,2026-08-07,WX-BAY-01,30.6,61.5,7.1,11.3,0.0,99.0,CLEAR
WTH-00010,2026-08-07 11:15:00,2026-08-07,WX-BAY-01,30.6,59.4,2.7,5.9,0.0,99.0,CLEAR
WTH-00011,2026-08-07 11:30:00,2026-08-07,WX-BAY-01,30.0,64.3,2.7,6.0,0.0,99.0,CLEAR
WTH-00012,2026-08-07 11:45:00,2026-08-07,WX-BAY-01,29.9,84.7,4.9,7.4,0.0,99.0,CLOUDY
WTH-00013,2026-08-07 12:00:00,2026-08-07,WX-BAY-01,30.8,69.3,2.4,4.8,0.0,99.0,CLEAR
WTH-00014,2026-08-07 12:15:00,2026-08-07,WX-BAY-01,31.2,67.6,5.9,9.9,0.0,99.0,CLEAR
WTH-00015,2026-08-07 12:30:00,2026-08-07,WX-BAY-01,31.7,55.7,5.6,7.2,0.0,99.0,CLEAR
WTH-00016,2026-08-07 12:45:00,2026-08-07,WX-BAY-01,31.4,57.5,4.9,8.2,0.0,99.0,CLOUDY
WTH-00017,2026-08-07 13:00:00,2026-08-07,WX-BAY-01,32.1,58.6,5.7,8.8,0.0,99.0,CLOUDY
WTH-00018,2026-08-07 13:15:00,2026-08-07,WX-BAY-01,31.3,60.1,3.9,5.9,0.0,99.0,CLOUDY
WTH-00019,2026-08-07 13:30:00,2026-08-07,WX-BAY-01,31.0,70.5,4.9,7.8,0.0,99.0,CLEAR
WTH-00020,2026-08-07 13:45:00,2026-08-07,WX-BAY-01,31.8,59.8,6.3,8.1,0.0,99.0,CLEAR
WTH-00021,2026-08-07 14:00:00,2026-08-07,WX-BAY-01,31.0,77.3,4.8,7.7,0.0,99.0,CLEAR
WTH-00022,2026-08-07 14:15:00,2026-08-07,WX-BAY-01,32.4,75.0,4.9,6.8,0.0,99.0,CLEAR
WTH-00023,2026-08-07 14:30:00,2026-08-07,WX-BAY-01,31.2,64.3,5.1,7.2,0.0,99.0,CLEAR
WTH-00024,2026-08-07 14:45:00,2026-08-07,WX-BAY-01,31.4,59.4,2.6,5.9,0.0,99.0,CLEAR
WTH-00025,2026-08-07 15:00:00,2026-08-07,WX-BAY-01,31.6,69.2,4.2,7.1,0.0,99.0,CLEAR
WTH-00026,2026-08-07 15:15:00,2026-08-07,WX-BAY-01,31.2,52.6,6.0,8.6,0.0,99.0,CLOUDY
WTH-00027,2026-08-07 15:30:00,2026-08-07,WX-BAY-01,31.7,67.8,5.6,7.9,0.0,99.0,CLEAR
WTH-00028,2026-08-07 15:45:00,2026-08-07,WX-BAY-01,31.5,73.1,5.0,8.9,0.0,99.0,CLEAR
WTH-00029,2026-08-07 16:00:00,2026-08-07,WX-BAY-01,31.8,62.6,4.0,7.4,0.0,99.0,CLOUDY
WTH-00030,2026-08-07 16:15:00,2026-08-07,WX-BAY-01,31.3,64.8,4.3,7.6,0.0,99.0,CLOUDY
WTH-00031,2026-08-07 16:30:00,2026-08-07,WX-BAY-01,32.6,47.0,4.0,7.1,0.0,99.0,CLOUDY
WTH-00032,2026-08-07 16:45:00,2026-08-07,WX-BAY-01,32.6,58.0,8.3,11.3,0.0,99.0,CLOUDY
WTH-00033,2026-08-07 17:00:00,2026-08-07,WX-BAY-01,31.3,46.0,2.2,4.0,0.0,99.0,CLEAR
WTH-00034,2026-08-07 17:15:00,2026-08-07,WX-BAY-01,32.1,59.5,4.4,6.8,0.0,99.0,CLEAR
WTH-00035,2026-08-07 17:30:00,2026-08-07,WX-BAY-01,31.3,61.8,5.9,9.6,0.0,99.0,CLOUDY
WTH-00036,2026-08-07 17:45:00,2026-08-07,WX-BAY-01,31.7,56.6,4.2,5.8,0.0,99.0,CLOUDY
WTH-00037,2026-08-07 18:00:00,2026-08-07,WX-BAY-01,32.0,69.5,3.1,6.1,0.0,99.0,CLEAR
WTH-00038,2026-08-07 18:15:00,2026-08-07,WX-BAY-01,31.0,63.4,3.9,7.8,0.0,99.0,CLEAR
WTH-00039,2026-08-07 18:30:00,2026-08-07,WX-BAY-01,31.2,50.5,3.4,6.2,0.0,99.0,CLEAR
WTH-00040,2026-08-07 18:45:00,2026-08-07,WX-BAY-01,32.3,53.3,5.0,7.9,0.0,99.0,CLEAR
WTH-00041,2026-08-07 19:00:00,2026-08-07,WX-BAY-01,30.8,87.0,4.4,6.5,0.0,99.0,CLEAR
WTH-00042,2026-08-07 19:15:00,2026-08-07,WX-BAY-01,30.8,60.3,4.0,7.2,0.0,99.0,CLEAR
WTH-00043,2026-08-07 19:30:00,2026-08-07,WX-BAY-01,31.0,65.1,6.4,9.8,0.0,99.0,CLOUDY
WTH-00044,2026-08-07 19:45:00,2026-08-07,WX-BAY-01,31.8,64.7,0.8,3.4,0.0,99.0,CLEAR
WTH-00045,2026-08-07 20:00:00,2026-08-07,WX-BAY-01,30.3,50.1,1.3,3.2,0.0,99.0,CLOUDY
WTH-00046,2026-08-07 20:15:00,2026-08-07,WX-BAY-01,31.6,62.9,4.7,8.0,0.0,99.0,CLOUDY
WTH-00047,2026-08-07 20:30:00,2026-08-07,WX-BAY-01,30.7,74.1,3.2,5.0,0.0,99.0,CLEAR
WTH-00048,2026-08-07 20:45:00,2026-08-07,WX-BAY-01,31.6,62.3,3.0,4.9,0.0,99.0,CLEAR
WTH-00049,2026-08-07 21:00:00,2026-08-07,WX-BAY-01,29.9,64.2,0.8,4.7,0.0,99.0,CLEAR
WTH-00050,2026-08-07 21:15:00,2026-08-07,WX-BAY-01,30.8,60.5,3.3,7.1,0.0,99.0,CLOUDY
WTH-00051,2026-08-07 21:30:00,2026-08-07,WX-BAY-01,30.0,69.9,5.6,9.0,0.0,99.0,CLEAR
WTH-00052,2026-08-07 21:45:00,2026-08-07,WX-BAY-01,30.2,56.8,3.9,5.8,0.0,99.0,CLEAR
WTH-00053,2026-08-07 22:00:00,2026-08-07,WX-BAY-01,29.3,56.3,4.7,7.0,0.0,99.0,CLEAR
WTH-00054,2026-08-07 22:15:00,2026-08-07,WX-BAY-01,29.0,67.0,5.9,9.3,0.0,99.0,CLEAR
WTH-00055,2026-08-07 22:30:00,2026-08-07,WX-BAY-01,28.9,60.3,4.5,6.9,0.0,99.0,CLEAR
WTH-00056,2026-08-07 22:45:00,2026-08-07,WX-BAY-01,29.0,65.4,4.3,8.0,0.0,99.0,CLEAR
WTH-00057,2026-08-07 23:00:00,2026-08-07,WX-BAY-01,29.4,84.6,4.4,6.4,0.0,99.0,CLEAR
WTH-00058,2026-08-08 09:00:00,2026-08-08,WX-BAY-01,29.6,61.7,3.1,6.2,0.0,99.0,CLEAR
WTH-00059,2026-08-08 09:15:00,2026-08-08,WX-BAY-01,29.7,67.8,5.1,7.4,0.0,99.0,CLEAR
WTH-00060,2026-08-08 09:30:00,2026-08-08,WX-BAY-01,28.9,54.6,5.2,7.4,0.0,99.0,CLEAR
WTH-00061,2026-08-08 09:45:00,2026-08-08,WX-BAY-01,29.2,57.1,4.6,7.3,0.0,99.0,CLEAR
WTH-00062,2026-08-08 10:00:00,2026-08-08,WX-BAY-01,29.0,76.2,4.2,6.0,0.0,99.0,CLOUDY
WTH-00063,2026-08-08 10:15:00,2026-08-08,WX-BAY-01,29.8,67.0,8.3,11.9,0.0,99.0,CLOUDY
WTH-00064,2026-08-08 10:30:00,2026-08-08,WX-BAY-01,30.0,62.4,3.9,7.5,0.0,99.0,CLEAR
WTH-00065,2026-08-08 10:45:00,2026-08-08,WX-BAY-01,30.2,76.9,3.5,7.3,0.0,99.0,CLOUDY
WTH-00066,2026-08-08 11:00:00,2026-08-08,WX-BAY-01,30.5,77.5,3.9,8.1,0.0,99.0,CLEAR
WTH-00067,2026-08-08 11:15:00,2026-08-08,WX-BAY-01,30.2,61.9,3.8,7.0,0.0,99.0,CLEAR
WTH-00068,2026-08-08 11:30:00,2026-08-08,WX-BAY-01,30.0,67.0,1.1,3.5,0.0,99.0,CLOUDY
WTH-00069,2026-08-08 11:45:00,2026-08-08,WX-BAY-01,29.9,71.1,0.9,4.5,0.0,99.0,CLEAR
WTH-00070,2026-08-08 12:00:00,2026-08-08,WX-BAY-01,30.1,70.9,3.4,5.3,0.0,99.0,CLEAR
WTH-00071,2026-08-08 12:15:00,2026-08-08,WX-BAY-01,31.6,65.1,6.7,9.1,0.0,99.0,CLEAR
WTH-00072,2026-08-08 12:30:00,2026-08-08,WX-BAY-01,30.8,51.0,1.4,5.2,0.0,99.0,CLEAR
WTH-00073,2026-08-08 12:45:00,2026-08-08,WX-BAY-01,30.3,58.0,6.0,8.9,0.0,99.0,CLEAR
WTH-00074,2026-08-08 13:00:00,2026-08-08,WX-BAY-01,31.8,67.1,2.7,5.3,0.0,99.0,CLEAR
WTH-00075,2026-08-08 13:15:00,2026-08-08,WX-BAY-01,30.7,75.1,5.0,7.1,0.0,99.0,CLEAR
WTH-00076,2026-08-08 13:30:00,2026-08-08,WX-BAY-01,31.8,72.3,1.4,5.2,0.0,99.0,CLOUDY
WTH-00077,2026-08-08 13:45:00,2026-08-08,WX-BAY-01,31.5,58.3,3.0,5.2,0.0,99.0,CLOUDY
WTH-00078,2026-08-08 14:00:00,2026-08-08,WX-BAY-01,32.5,56.0,4.4,7.6,0.0,99.0,CLEAR
WTH-00079,2026-08-08 14:15:00,2026-08-08,WX-BAY-01,32.5,67.7,2.1,3.8,0.0,99.0,CLOUDY
WTH-00080,2026-08-08 14:30:00,2026-08-08,WX-BAY-01,32.1,62.6,3.1,7.1,0.0,99.0,CLOUDY
WTH-00081,2026-08-08 14:45:00,2026-08-08,WX-BAY-01,32.4,61.6,8.2,11.7,0.0,99.0,CLEAR
WTH-00082,2026-08-08 15:00:00,2026-08-08,WX-BAY-01,31.9,65.1,1.8,3.4,0.0,99.0,CLOUDY
WTH-00083,2026-08-08 15:15:00,2026-08-08,WX-BAY-01,32.6,66.5,3.8,7.1,0.0,99.0,CLEAR
WTH-00084,2026-08-08 15:30:00,2026-08-08,WX-BAY-01,32.3,57.3,1.7,4.3,0.0,99.0,CLEAR
WTH-00085,2026-08-08 15:45:00,2026-08-08,WX-BAY-01,31.6,71.8,3.2,6.2,0.0,99.0,CLOUDY
WTH-00086,2026-08-08 16:00:00,2026-08-08,WX-BAY-01,31.9,61.1,5.3,7.0,0.0,99.0,CLOUDY
WTH-00087,2026-08-08 16:15:00,2026-08-08,WX-BAY-01,31.8,69.7,3.7,6.2,0.0,99.0,CLOUDY
WTH-00088,2026-08-08 16:30:00,2026-08-08,WX-BAY-01,31.6,64.3,2.5,6.1,0.0,99.0,CLEAR
WTH-00089,2026-08-08 16:45:00,2026-08-08,WX-BAY-01,31.8,80.6,6.0,10.1,0.0,99.0,CLEAR
WTH-00090,2026-08-08 17:00:00,2026-08-08,WX-BAY-01,32.4,64.0,1.3,4.2,0.0,99.0,CLEAR
WTH-00091,2026-08-08 17:15:00,2026-08-08,WX-BAY-01,32.1,47.3,4.8,7.1,0.0,99.0,CLEAR
WTH-00092,2026-08-08 17:30:00,2026-08-08,WX-BAY-01,31.2,55.6,2.3,4.8,0.0,99.0,CLEAR
WTH-00093,2026-08-08 17:45:00,2026-08-08,WX-BAY-01,32.5,67.1,1.3,3.9,0.0,99.0,CLOUDY
WTH-00094,2026-08-08 18:00:00,2026-08-08,WX-BAY-01,31.4,79.8,4.5,7.2,0.0,99.0,CLOUDY
WTH-00095,2026-08-08 18:15:00,2026-08-08,WX-BAY-01,32.3,64.4,4.2,6.6,0.0,99.0,CLOUDY
WTH-00096,2026-08-08 18:30:00,2026-08-08,WX-BAY-01,32.2,64.7,6.0,9.1,0.0,99.0,CLEAR
WTH-00097,2026-08-08 18:45:00,2026-08-08,WX-BAY-01,31.3,67.4,4.2,6.5,0.0,99.0,CLEAR
WTH-00098,2026-08-08 19:00:00,2026-08-08,WX-BAY-01,32.0,63.6,3.4,5.5,0.0,99.0,CLEAR
WTH-00099,2026-08-08 19:15:00,2026-08-08,WX-BAY-01,31.4,73.4,3.9,6.2,0.0,99.0,CLEAR
WTH-00100,2026-08-08 19:30:00,2026-08-08,WX-BAY-01,31.2,69.1,3.1,5.7,0.0,99.0,CLEAR
WTH-00101,2026-08-08 19:45:00,2026-08-08,WX-BAY-01,31.5,65.3,3.9,5.9,0.0,99.0,CLEAR
WTH-00102,2026-08-08 20:00:00,2026-08-08,WX-BAY-01,31.6,65.8,4.7,7.2,0.0,99.0,CLOUDY
WTH-00103,2026-08-08 20:15:00,2026-08-08,WX-BAY-01,30.5,65.5,4.3,7.7,0.0,99.0,CLOUDY
WTH-00104,2026-08-08 20:30:00,2026-08-08,WX-BAY-01,30.9,82.6,5.5,7.9,0.0,99.0,CLOUDY
WTH-00105,2026-08-08 20:45:00,2026-08-08,WX-BAY-01,31.0,61.1,5.7,8.2,0.0,99.0,CLEAR
WTH-00106,2026-08-08 21:00:00,2026-08-08,WX-BAY-01,29.7,71.4,4.8,8.9,0.0,99.0,CLEAR
WTH-00107,2026-08-08 21:15:00,2026-08-08,WX-BAY-01,30.1,66.8,2.6,5.8,0.0,99.0,CLEAR
WTH-00108,2026-08-08 21:30:00,2026-08-08,WX-BAY-01,30.2,61.5,3.9,8.1,0.0,99.0,CLEAR
WTH-00109,2026-08-08 21:45:00,2026-08-08,WX-BAY-01,29.6,62.2,1.5,3.2,0.0,99.0,CLEAR
WTH-00110,2026-08-08 22:00:00,2026-08-08,WX-BAY-01,29.9,66.0,6.6,10.7,0.0,99.0,CLEAR
WTH-00111,2026-08-08 22:15:00,2026-08-08,WX-BAY-01,30.0,58.4,5.1,8.7,0.0,99.0,CLEAR
WTH-00112,2026-08-08 22:30:00,2026-08-08,WX-BAY-01,29.8,66.3,3.0,5.6,0.0,99.0,CLEAR
WTH-00113,2026-08-08 22:45:00,2026-08-08,WX-BAY-01,30.1,71.9,2.9,6.3,0.0,99.0,CLEAR
WTH-00114,2026-08-08 23:00:00,2026-08-08,WX-BAY-01,29.4,74.3,2.7,4.4,0.0,99.0,CLEAR
WTH-00115,2026-08-09 09:00:00,2026-08-09,WX-BAY-01,28.6,69.3,2.3,5.4,0.0,99.0,CLOUDY
WTH-00116,2026-08-09 09:15:00,2026-08-09,WX-BAY-01,28.6,62.6,2.5,5.9,0.0,99.0,CLEAR
WTH-00117,2026-08-09 09:30:00,2026-08-09,WX-BAY-01,28.2,77.6,4.9,6.5,0.0,99.0,CLEAR
WTH-00118,2026-08-09 09:45:00,2026-08-09,WX-BAY-01,29.2,68.9,4.5,7.2,0.0,99.0,CLEAR
WTH-00119,2026-08-09 10:00:00,2026-08-09,WX-BAY-01,29.8,62.7,3.5,7.0,0.0,99.0,CLEAR
WTH-00120,2026-08-09 10:15:00,2026-08-09,WX-BAY-01,30.0,68.8,6.7,10.8,0.0,99.0,CLOUDY
WTH-00121,2026-08-09 10:30:00,2026-08-09,WX-BAY-01,29.8,65.3,3.9,5.5,0.0,99.0,CLOUDY
WTH-00122,2026-08-09 10:45:00,2026-08-09,WX-BAY-01,29.5,75.4,4.8,8.9,0.0,99.0,CLOUDY
WTH-00123,2026-08-09 11:00:00,2026-08-09,WX-BAY-01,30.9,50.2,4.2,6.2,0.0,99.0,CLEAR
WTH-00124,2026-08-09 11:15:00,2026-08-09,WX-BAY-01,30.5,51.4,4.1,8.1,0.0,99.0,CLOUDY
WTH-00125,2026-08-09 11:30:00,2026-08-09,WX-BAY-01,30.1,59.7,4.2,7.8,0.0,99.0,CLOUDY
WTH-00126,2026-08-09 11:45:00,2026-08-09,WX-BAY-01,30.3,68.8,3.0,6.3,0.0,99.0,CLOUDY
WTH-00127,2026-08-09 12:00:00,2026-08-09,WX-BAY-01,30.1,74.8,4.2,6.4,0.0,99.0,CLOUDY
WTH-00128,2026-08-09 12:15:00,2026-08-09,WX-BAY-01,30.4,58.0,4.8,8.7,0.0,99.0,CLEAR
WTH-00129,2026-08-09 12:30:00,2026-08-09,WX-BAY-01,30.6,55.3,3.5,7.5,0.0,99.0,CLEAR
WTH-00130,2026-08-09 12:45:00,2026-08-09,WX-BAY-01,30.8,76.0,7.9,9.4,0.0,99.0,CLEAR
WTH-00131,2026-08-09 13:00:00,2026-08-09,WX-BAY-01,30.9,83.4,3.2,5.1,0.0,99.0,CLOUDY
WTH-00132,2026-08-09 13:15:00,2026-08-09,WX-BAY-01,32.0,57.7,4.6,8.4,0.0,99.0,CLEAR
WTH-00133,2026-08-09 13:30:00,2026-08-09,WX-BAY-01,31.2,77.1,5.3,9.0,0.0,99.0,CLEAR
WTH-00134,2026-08-09 13:45:00,2026-08-09,WX-BAY-01,30.7,69.8,3.6,6.5,0.0,99.0,CLOUDY
WTH-00135,2026-08-09 14:00:00,2026-08-09,WX-BAY-01,32.2,58.3,4.6,6.1,0.0,99.0,CLOUDY
WTH-00136,2026-08-09 14:15:00,2026-08-09,WX-BAY-01,32.3,56.8,6.3,9.3,0.0,99.0,CLEAR
WTH-00137,2026-08-09 14:30:00,2026-08-09,WX-BAY-01,31.2,78.8,3.9,6.5,0.0,99.0,CLEAR
WTH-00138,2026-08-09 14:45:00,2026-08-09,WX-BAY-01,31.2,53.8,3.2,4.9,0.0,99.0,CLOUDY
WTH-00139,2026-08-09 15:00:00,2026-08-09,WX-BAY-01,31.7,57.8,5.9,8.2,0.0,99.0,CLOUDY
WTH-00140,2026-08-09 15:15:00,2026-08-09,WX-BAY-01,31.1,51.9,2.8,4.5,0.0,99.0,CLEAR
WTH-00141,2026-08-09 15:30:00,2026-08-09,WX-BAY-01,31.9,74.1,4.1,6.4,0.0,99.0,CLEAR
WTH-00142,2026-08-09 15:45:00,2026-08-09,WX-BAY-01,32.2,71.2,3.9,7.4,0.0,99.0,CLEAR
WTH-00143,2026-08-09 16:00:00,2026-08-09,WX-BAY-01,31.4,63.3,3.7,7.2,0.0,99.0,CLOUDY
WTH-00144,2026-08-09 16:15:00,2026-08-09,WX-BAY-01,32.2,56.7,3.5,5.6,0.0,99.0,CLEAR
WTH-00145,2026-08-09 16:30:00,2026-08-09,WX-BAY-01,32.7,70.5,4.3,7.5,0.0,99.0,CLOUDY
WTH-00146,2026-08-09 16:45:00,2026-08-09,WX-BAY-01,32.3,68.9,4.6,6.5,0.0,99.0,CLOUDY
WTH-00147,2026-08-09 17:00:00,2026-08-09,WX-BAY-01,31.7,68.2,4.8,8.9,0.0,99.0,CLEAR
WTH-00148,2026-08-09 17:15:00,2026-08-09,WX-BAY-01,31.8,65.5,2.8,5.9,0.0,99.0,CLEAR
WTH-00149,2026-08-09 17:30:00,2026-08-09,WX-BAY-01,32.4,83.0,6,9.4,0.1,18.7,THUNDERSTORM
WTH-00150,2026-08-09 17:45:00,2026-08-09,WX-BAY-01,31.2,60.4,10.1,13.2,4.6,14.8,THUNDERSTORM
WTH-00151,2026-08-09 18:00:00,2026-08-09,WX-BAY-01,31.3,60.9,11.5,16.3,5.7,11.0,THUNDERSTORM
WTH-00152,2026-08-09 18:15:00,2026-08-09,WX-BAY-01,32.1,67.0,15.5,19.2,7.4,9.0,THUNDERSTORM
WTH-00153,2026-08-09 18:30:00,2026-08-09,WX-BAY-01,31.6,46.9,16.3,20.0,11.2,4.2,THUNDERSTORM
WTH-00154,2026-08-09 18:45:00,2026-08-09,WX-BAY-01,31.6,74.7,18.6,22,12.9,3.5,THUNDERSTORM
WTH-00155,2026-08-09 19:00:00,2026-08-09,WX-BAY-01,31.0,77.2,17.6,22,17.7,3.5,THUNDERSTORM
WTH-00156,2026-08-09 19:15:00,2026-08-09,WX-BAY-01,30.7,58.6,18.6,22,19.4,3.5,THUNDERSTORM
WTH-00157,2026-08-09 19:30:00,2026-08-09,WX-BAY-01,32.0,68.5,17.3,22,23.5,3.5,THUNDERSTORM
WTH-00158,2026-08-09 19:45:00,2026-08-09,WX-BAY-01,30.7,60.5,18.5,22,25.4,3.5,THUNDERSTORM
WTH-00159,2026-08-09 20:00:00,2026-08-09,WX-BAY-01,30.4,60.7,17.3,22,26.3,3.5,THUNDERSTORM
WTH-00160,2026-08-09 20:15:00,2026-08-09,WX-BAY-01,31.2,57.8,17.0,22,28.9,3.5,THUNDERSTORM
WTH-00161,2026-08-09 20:30:00,2026-08-09,WX-BAY-01,30.7,54.5,18.3,22,31.5,3.5,THUNDERSTORM
WTH-00162,2026-08-09 20:45:00,2026-08-09,WX-BAY-01,30.6,78.3,17.4,10.2,4.0,17.1,RAIN
WTH-00163,2026-08-09 21:00:00,2026-08-09,WX-BAY-01,29.7,70.5,18.0,11.0,3.9,20.7,RAIN
WTH-00164,2026-08-09 21:15:00,2026-08-09,WX-BAY-01,30.8,63.9,18.2,9.8,3.5,15.1,RAIN
WTH-00165,2026-08-09 21:30:00,2026-08-09,WX-BAY-01,30.6,67.4,17.9,9.4,2.1,20.6,RAIN
WTH-00166,2026-08-09 21:45:00,2026-08-09,WX-BAY-01,30.6,65.1,18.8,11.4,5.0,21.5,RAIN
WTH-00167,2026-08-09 22:00:00,2026-08-09,WX-BAY-01,30.4,59.9,18.7,10.9,4.2,19.2,RAIN
WTH-00168,2026-08-09 22:15:00,2026-08-09,WX-BAY-01,29.1,83.3,18.1,9.8,3.9,22.3,RAIN
WTH-00169,2026-08-09 22:30:00,2026-08-09,WX-BAY-01,29.8,59.1,17.5,9.8,3.6,19.9,RAIN
WTH-00170,2026-08-09 22:45:00,2026-08-09,WX-BAY-01,29.4,70.2,17.2,11.6,3.9,16.8,RAIN
WTH-00171,2026-08-09 23:00:00,2026-08-09,WX-BAY-01,29.7,46.7,17.3,9.2,2.1,22.1,RAIN
