artist_id,artist_name,genre,country,popularity_index,live_setup_type
ART-001,Lunar Echo,LIVE_ELECTRONICA,Japan,95,DJ
ART-002,Circuit Bloom,PROGRESSIVE_HOUSE,Japan,91,MODULAR_LIVE
ART-003,ByteBender,TECHNO,Germany,89,DJ
ART-004,Velvet Voltage,ELECTRO_POP,United Kingdom,87,DJ
ART-005,Modular Koi,MODULAR_SYNTH,Japan,84,DJ
ART-006,Pulse Atlas,TRANCE,Netherlands,86,HYBRID_LIVE
ART-007,Neon Harbor,FUTURE_BASS,Japan,82,HYBRID_LIVE
ART-008,Echo Syntax,MINIMAL_TECHNO,France,80,BAND_ELECTRONIC
ART-009,Data Drift,AMBIENT,Iceland,74,MODULAR_LIVE
ART-010,Glass Oscillator,IDM,Japan,77,BAND_ELECTRONIC
ART-011,Chrome Petals,HOUSE,United States,81,MODULAR_LIVE
ART-012,Signal Garden,DOWNTEMPO,Japan,72,DJ
ART-013,Subsonic Frame,BASS_MUSIC,United Kingdom,83,DJ
ART-014,Phase Lantern,SYNTHWAVE,Japan,78,HYBRID_LIVE
ART-015,Granular Sea,EXPERIMENTAL,Japan,71,HYBRID_LIVE
ART-016,Tempo Mirage,DEEP_HOUSE,Spain,79,DJ
ART-017,Binary Sunset,MELODIC_TECHNO,Japan,85,MODULAR_LIVE
ART-018,Quartz Motion,BREAKS,Australia,76,BAND_ELECTRONIC
ART-019,Analog Aurora,LIVE_SYNTH,Sweden,82,HYBRID_LIVE
ART-020,Vector Rain,DRUM_AND_BASS,Japan,84,DJ
ART-021,MIDI Monsoon,LIVE_CODING,India,73,HYBRID_LIVE
ART-022,Prism Relay,TECH_HOUSE,Japan,78,MODULAR_LIVE
ART-023,Lowpass Lovers,LOFI_HOUSE,Japan,70,MODULAR_LIVE
ART-024,Patch Memory,MODULAR_AMBIENT,Canada,72,HYBRID_LIVE
ART-025,Sidechain City,EDM,Japan,80,HYBRID_LIVE
ART-026,Wave Table,ELECTRO,Japan,74,MODULAR_LIVE
ART-027,Clock Divider,INDUSTRIAL_TECHNO,Belgium,77,DJ
ART-028,Reverb Forest,AMBIENT_TECHNO,Japan,69,DJ
ART-029,Transient Moon,GARAGE,United Kingdom,75,DJ
ART-030,Stereo Comet,DISCO_HOUSE,Japan,76,HYBRID_LIVE
ART-031,Noise Blossom,NOISE_POP,Japan,68,DJ
ART-032,Loop Meridian,LIVE_LOOPING,Japan,71,HYBRID_LIVE
ART-033,Fader Ghost,BATTLE_DJ,United States,79,DJ
ART-034,Spectrum Taxi,FUNKY_HOUSE,Japan,73,DJ
ART-035,Voltage Tea,CHILLWAVE,Japan,67,DJ
ART-036,Cloud Sequencer,GENERATIVE_MUSIC,Japan,70,MODULAR_LIVE
