equipment_id,stage_id,equipment_category,model_name,serial_number,manufacturing_lot,vendor_id,firmware_version,installed_date,criticality
EQ-NET-OM-01,STG-OM,NETWORK_SWITCH,PulseGrid StageLink 48,LSF26-00001,NET-2525,VND-002,3.4.1,2026-03-05,CRITICAL
EQ-DJM-OM-01,STG-OM,DJ_MIXER,NeoTone CrossFlow MX8,LSF26-00002,DJ_-2529,VND-001,2.7.0,2026-03-11,HIGH
EQ-DJP-OM-01,STG-OM,DJ_PLAYER,NeoTone PulseDeck M9,LSF26-00003,DJ_-2501,VND-001,2.8.1,2026-03-03,HIGH
EQ-DJP-OM-02,STG-OM,DJ_PLAYER,NeoTone PulseDeck M9,LSF26-00004,DJ_-2504,VND-001,2.8.1,2026-03-26,HIGH
EQ-CON-OM-01,STG-OM,DIGITAL_CONSOLE,BrightLine Matrix 96,LSF26-00005,DIG-2585,VND-003,2.8.1,2026-03-27,CRITICAL
EQ-AMP-OM-01,STG-OM,AMPLIFIER,BrightLine PowerCore 12,LSF26-00006,AMP-2596,VND-003,2.7.0,2026-03-09,HIGH
EQ-AMP-OM-02,STG-OM,AMPLIFIER,BrightLine PowerCore 12,LSF26-00007,AMP-2570,VND-003,2.8.1,2026-03-27,HIGH
EQ-PWR-OM-01,STG-OM,POWER_DISTRIBUTION,VoltRiver SafeGrid 80,LSF26-00008,POW-2589,VND-007,2.8.1,2026-03-25,CRITICAL
EQ-NET-WA-01,STG-WA,NETWORK_SWITCH,PulseGrid StageLink 48,LSF26-00009,NW-2603,VND-002,3.4.1,2026-03-09,CRITICAL
EQ-DJM-WA-01,STG-WA,DJ_MIXER,NeoTone CrossFlow MX8,LSF26-00010,DJ_-2606,VND-001,2.7.0,2026-03-20,HIGH
EQ-DJP-WA-01,STG-WA,DJ_PLAYER,NeoTone PulseDeck M9,LSF26-00011,DJ_-2563,VND-001,2.8.1,2026-03-12,HIGH
EQ-DJP-WA-02,STG-WA,DJ_PLAYER,NeoTone PulseDeck M9,LSF26-00012,DJ_-2575,VND-001,2.8.1,2026-03-05,HIGH
EQ-CON-WA-01,STG-WA,DIGITAL_CONSOLE,BrightLine Matrix 96,LSF26-00013,DIG-2526,VND-003,2.8.1,2026-03-02,CRITICAL
EQ-AMP-WA-01,STG-WA,AMPLIFIER,BrightLine PowerCore 12,LSF26-00014,AMP-2530,VND-003,3.1.0,2026-03-05,HIGH
EQ-AMP-WA-02,STG-WA,AMPLIFIER,BrightLine PowerCore 12,LSF26-00015,AMP-2560,VND-003,3.1.0,2026-03-27,HIGH
EQ-PWR-WA-01,STG-WA,POWER_DISTRIBUTION,VoltRiver SafeGrid 80,LSF26-00016,POW-2514,VND-007,2.7.0,2026-03-09,CRITICAL
EQ-NET-NG-01,STG-NG,NETWORK_SWITCH,PulseGrid StageLink 48,LSF26-00017,NET-2575,VND-002,3.4.1,2026-03-16,CRITICAL
EQ-DJM-NG-01,STG-NG,DJ_MIXER,NeoTone CrossFlow MX8,LSF26-00018,DJ_-2595,VND-001,2.8.1,2026-03-17,HIGH
EQ-DJP-NG-01,STG-NG,DJ_PLAYER,NeoTone PulseDeck M9,LSF26-00019,DJ_-2601,VND-001,2.8.1,2026-03-25,HIGH
EQ-DJP-NG-02,STG-NG,DJ_PLAYER,NeoTone PulseDeck M9,LSF26-00020,DJ_-2591,VND-001,2.8.1,2026-03-27,HIGH
EQ-CON-NG-01,STG-NG,DIGITAL_CONSOLE,BrightLine Matrix 96,LSF26-00021,DIG-2580,VND-003,3.1.0,2026-03-14,CRITICAL
EQ-AMP-NG-01,STG-NG,AMPLIFIER,BrightLine PowerCore 12,LSF26-00022,AMP-2593,VND-003,2.7.0,2026-03-05,HIGH
EQ-AMP-NG-02,STG-NG,AMPLIFIER,BrightLine PowerCore 12,LSF26-00023,AMP-2557,VND-003,3.1.0,2026-03-27,HIGH
EQ-PWR-NG-01,STG-NG,POWER_DISTRIBUTION,VoltRiver SafeGrid 80,LSF26-00024,POW-2519,VND-007,3.1.0,2026-03-02,CRITICAL
EQ-NET-MG-01,STG-MG,NETWORK_SWITCH,PulseGrid StageLink 48,LSF26-00025,NET-2529,VND-002,3.4.1,2026-03-25,CRITICAL
EQ-DJM-MG-01,STG-MG,DJ_MIXER,NeoTone CrossFlow MX8,LSF26-00026,DJ_-2567,VND-001,2.8.1,2026-03-27,HIGH
EQ-DJP-MG-01,STG-MG,DJ_PLAYER,NeoTone PulseDeck M9,LSF26-00027,DJ_-2507,VND-001,2.8.1,2026-03-11,HIGH
EQ-DJP-MG-02,STG-MG,DJ_PLAYER,NeoTone PulseDeck M9,LSF26-00028,DJ_-2557,VND-001,2.7.0,2026-03-17,HIGH
EQ-CON-MG-01,STG-MG,DIGITAL_CONSOLE,BrightLine Matrix 96,LSF26-00029,DIG-2576,VND-003,2.8.1,2026-03-10,CRITICAL
EQ-AMP-MG-01,STG-MG,AMPLIFIER,BrightLine PowerCore 12,LSF26-00030,AMP-2567,VND-003,2.8.1,2026-03-20,HIGH
EQ-AMP-MG-02,STG-MG,AMPLIFIER,BrightLine PowerCore 12,LSF26-00031,AMP-2511,VND-003,2.7.0,2026-03-26,HIGH
EQ-PWR-MG-01,STG-MG,POWER_DISTRIBUTION,VoltRiver SafeGrid 80,LSF26-00032,POW-2567,VND-007,2.8.1,2026-03-15,CRITICAL
EQ-NET-NP-01,STG-NP,NETWORK_SWITCH,PulseGrid StageLink 48,LSF26-00033,NET-2503,VND-002,3.4.1,2026-03-27,CRITICAL
EQ-DJM-NP-01,STG-NP,DJ_MIXER,NeoTone CrossFlow MX8,LSF26-00034,DJ_-2575,VND-001,3.1.0,2026-03-09,HIGH
EQ-DJP-NP-01,STG-NP,DJ_PLAYER,NeoTone PulseDeck M9,LSF26-00035,DJ_-2593,VND-001,2.8.1,2026-03-18,HIGH
EQ-DJP-NP-02,STG-NP,DJ_PLAYER,NeoTone PulseDeck M9,LSF26-00036,DJ_-2526,VND-001,3.1.0,2026-03-20,HIGH
EQ-CON-NP-01,STG-NP,DIGITAL_CONSOLE,BrightLine Matrix 96,LSF26-00037,DIG-2532,VND-003,3.1.0,2026-03-16,CRITICAL
EQ-AMP-NP-01,STG-NP,AMPLIFIER,BrightLine PowerCore 12,LSF26-00038,AMP-2547,VND-003,3.1.0,2026-03-08,HIGH
EQ-AMP-NP-02,STG-NP,AMPLIFIER,BrightLine PowerCore 12,LSF26-00039,AMP-2555,VND-003,2.7.0,2026-03-15,HIGH
EQ-PWR-NP-01,STG-NP,POWER_DISTRIBUTION,VoltRiver SafeGrid 80,LSF26-00040,POW-2598,VND-007,2.8.1,2026-03-05,CRITICAL
SCAN-A-01,GATE-A,QR_SCANNER,GateFlow ScanPoint G4,GATE26-00041,GF-2604-A,VND-004,1.9.1,2026-05-20,HIGH
SCAN-A-02,GATE-A,QR_SCANNER,GateFlow ScanPoint G4,GATE26-00042,GF-2604-A,VND-004,1.9.1,2026-05-11,HIGH
SCAN-A-03,GATE-A,QR_SCANNER,GateFlow ScanPoint G4,GATE26-00043,GF-2604-A,VND-004,1.9.1,2026-05-10,HIGH
SCAN-A-04,GATE-A,QR_SCANNER,GateFlow ScanPoint G4,GATE26-00044,GF-2604-A,VND-004,1.9.1,2026-05-06,HIGH
SCAN-A-05,GATE-A,QR_SCANNER,GateFlow ScanPoint G4,GATE26-00045,GF-2604-A,VND-004,1.9.1,2026-05-15,HIGH
SCAN-A-06,GATE-A,QR_SCANNER,GateFlow ScanPoint G4,GATE26-00046,GF-2604-A,VND-004,1.9.1,2026-05-19,HIGH
SCAN-A-07,GATE-A,QR_SCANNER,GateFlow ScanPoint G4,GATE26-00047,GF-2604-A,VND-004,1.9.1,2026-05-06,HIGH
SCAN-A-08,GATE-A,QR_SCANNER,GateFlow ScanPoint G4,GATE26-00048,GF-2604-A,VND-004,1.9.1,2026-05-12,HIGH
SCAN-A-09,GATE-A,QR_SCANNER,GateFlow ScanPoint G4,GATE26-00049,GF-2604-A,VND-004,1.9.1,2026-05-13,HIGH
SCAN-A-10,GATE-A,QR_SCANNER,GateFlow ScanPoint G4,GATE26-00050,GF-2604-A,VND-004,1.9.1,2026-05-05,HIGH
SCAN-A-11,GATE-A,QR_SCANNER,GateFlow ScanPoint G4,GATE26-00051,GF-2604-A,VND-004,1.9.1,2026-05-02,HIGH
SCAN-A-12,GATE-A,QR_SCANNER,GateFlow ScanPoint G4,GATE26-00052,GF-2604-A,VND-004,1.9.1,2026-05-04,HIGH
SCAN-A-BK1,GATE-A,QR_SCANNER_BACKUP,GateFlow ScanPoint G4,GATE26-00053,GF-2604-B,VND-004,1.9.1,2026-06-01,HIGH
SCAN-B-01,GATE-B,QR_SCANNER,GateFlow ScanPoint G4,GATE26-00054,GF-2604-A,VND-004,1.9.1,2026-05-15,HIGH
SCAN-B-02,GATE-B,QR_SCANNER,GateFlow ScanPoint G4,GATE26-00055,GF-2604-A,VND-004,1.9.1,2026-05-24,HIGH
SCAN-B-03,GATE-B,QR_SCANNER,GateFlow ScanPoint G4,GATE26-00056,GF-2604-A,VND-004,1.9.1,2026-05-23,HIGH
SCAN-B-04,GATE-B,QR_SCANNER,GateFlow ScanPoint G4,GATE26-00057,GF-2604-A,VND-004,1.9.1,2026-05-13,HIGH
SCAN-B-05,GATE-B,QR_SCANNER,GateFlow ScanPoint G4,GATE26-00058,GF-2604-A,VND-004,1.9.1,2026-05-24,HIGH
SCAN-B-06,GATE-B,QR_SCANNER,GateFlow ScanPoint G4,GATE26-00059,GF-2604-A,VND-004,1.9.1,2026-05-01,HIGH
SCAN-B-07,GATE-B,QR_SCANNER,GateFlow ScanPoint G4,GATE26-00060,GF-2604-A,VND-004,1.9.1,2026-05-04,HIGH
SCAN-B-08,GATE-B,QR_SCANNER,GateFlow ScanPoint G4,GATE26-00061,GF-2604-A,VND-004,1.9.1,2026-05-11,HIGH
SCAN-B-09,GATE-B,QR_SCANNER,GateFlow ScanPoint G4,GATE26-00062,GF-2604-A,VND-004,1.9.1,2026-05-10,HIGH
SCAN-B-10,GATE-B,QR_SCANNER,GateFlow ScanPoint G4,GATE26-00063,GF-2604-A,VND-004,1.9.1,2026-05-03,HIGH
SCAN-B-BK1,GATE-B,QR_SCANNER_BACKUP,GateFlow ScanPoint G4,GATE26-00064,GF-2604-B,VND-004,1.9.1,2026-06-01,HIGH
SCAN-C-01,GATE-C,QR_SCANNER,GateFlow ScanPoint G4,GATE26-00065,GF-2602-C,VND-004,1.8.2,2026-05-20,HIGH
SCAN-C-02,GATE-C,QR_SCANNER,GateFlow ScanPoint G4,GATE26-00066,GF-2602-C,VND-004,1.8.2,2026-05-13,HIGH
SCAN-C-03,GATE-C,QR_SCANNER,GateFlow ScanPoint G4,GATE26-00067,GF-2602-C,VND-004,1.8.2,2026-05-22,HIGH
SCAN-C-04,GATE-C,QR_SCANNER,GateFlow ScanPoint G4,GATE26-00068,GF-2602-C,VND-004,1.8.2,2026-05-15,HIGH
SCAN-C-05,GATE-C,QR_SCANNER,GateFlow ScanPoint G4,GATE26-00069,GF-2602-C,VND-004,1.8.2,2026-05-13,HIGH
SCAN-C-06,GATE-C,QR_SCANNER,GateFlow ScanPoint G4,GATE26-00070,GF-2602-C,VND-004,1.8.2,2026-05-22,HIGH
SCAN-C-07,GATE-C,QR_SCANNER,GateFlow ScanPoint G4,GATE26-00071,GF-2602-C,VND-004,1.8.2,2026-05-14,HIGH
SCAN-C-08,GATE-C,QR_SCANNER,GateFlow ScanPoint G4,GATE26-00072,GF-2602-C,VND-004,1.8.2,2026-05-03,HIGH
SCAN-C-BK1,GATE-C,QR_SCANNER_BACKUP,GateFlow ScanPoint G4,GATE26-00073,GF-2604-B,VND-004,1.9.1,2026-06-01,HIGH
SCAN-V-01,GATE-V,QR_SCANNER,GateFlow ScanPoint G4,GATE26-00074,GF-2604-A,VND-004,1.9.1,2026-05-22,HIGH
SCAN-V-02,GATE-V,QR_SCANNER,GateFlow ScanPoint G4,GATE26-00075,GF-2604-A,VND-004,1.9.1,2026-05-07,HIGH
SCAN-V-03,GATE-V,QR_SCANNER,GateFlow ScanPoint G4,GATE26-00076,GF-2604-A,VND-004,1.9.1,2026-05-02,HIGH
SCAN-V-04,GATE-V,QR_SCANNER,GateFlow ScanPoint G4,GATE26-00077,GF-2604-A,VND-004,1.9.1,2026-05-23,HIGH
SCAN-V-BK1,GATE-V,QR_SCANNER_BACKUP,GateFlow ScanPoint G4,GATE26-00078,GF-2604-B,VND-004,1.9.1,2026-06-01,HIGH
SCAN-S-01,GATE-S,QR_SCANNER,GateFlow ScanPoint G4,GATE26-00079,GF-2604-A,VND-004,1.9.1,2026-05-21,HIGH
SCAN-S-02,GATE-S,QR_SCANNER,GateFlow ScanPoint G4,GATE26-00080,GF-2604-A,VND-004,1.9.1,2026-05-04,HIGH
SCAN-S-03,GATE-S,QR_SCANNER,GateFlow ScanPoint G4,GATE26-00081,GF-2604-A,VND-004,1.9.1,2026-05-16,HIGH
SCAN-S-BK1,GATE-S,QR_SCANNER_BACKUP,GateFlow ScanPoint G4,GATE26-00082,GF-2604-B,VND-004,1.9.1,2026-06-01,HIGH
