product_id,product_name,artist_id,category,unit_price_jpy,initial_stock_day1,initial_stock_day2,initial_stock_day3,vendor_id,active_flag
MER-LUN-HOOD-BLK-M,Lunar Echo Signal Hoodie Black M,ART-001,HOODIE,9500,160,420,180,VND-005,1
MER-LUN-TEE-WHT-M,Lunar Echo Moonwave Tee White M,ART-001,T_SHIRT,4800,240,320,220,VND-005,1
MER-CIR-TEE-BLK-L,Circuit Bloom Grid Tee Black L,ART-002,T_SHIRT,4800,200,230,180,VND-005,1
MER-BYT-CAP-BLK,ByteBender Binary Cap,ART-003,CAP,4200,140,180,130,VND-005,1
MER-MOD-TOW-GRN,Modular Koi Patch Towel,ART-005,TOWEL,2800,150,180,200,VND-005,1
MER-PUL-TEE-NVY-M,Pulse Atlas Trance Tee Navy M,ART-006,T_SHIRT,4800,180,220,170,VND-005,1
MER-FES-TEE-2026,Lakehouse Sound Festival 2026 Tee,,T_SHIRT,4500,550,650,550,VND-005,1
MER-FES-TOW-2026,Lakehouse Sound Festival 2026 Towel,,TOWEL,2500,700,800,650,VND-005,1
MER-FES-USB-SAMPLE,Festival Sample Pack USB,,DIGITAL_MEDIA,3500,220,250,220,VND-005,1
MER-FES-EARPLUG,NeoTone Hearing Protection Earplugs,,ACCESSORY,1800,500,550,500,VND-005,1
MER-034-ACC-11,Spectrum Taxi Accessory 11,ART-034,ACCESSORY,1800,146,228,180,VND-005,1
MER-001-T_S-12,Lunar Echo T Shirt 12,ART-001,T_SHIRT,4600,120,127,130,VND-005,1
MER-004-HOO-13,Velvet Voltage Hoodie 13,ART-004,HOODIE,9000,236,153,80,VND-005,1
MER-007-TOW-14,Neon Harbor Towel 14,ART-007,TOWEL,2600,252,198,107,VND-005,1
MER-010-CAP-15,Glass Oscillator Cap 15,ART-010,CAP,4000,178,200,245,VND-005,1
MER-013-POS-16,Subsonic Frame Poster 16,ART-013,POSTER,2200,199,196,239,VND-005,1
MER-016-ACC-17,Tempo Mirage Accessory 17,ART-016,ACCESSORY,1800,95,101,104,VND-005,1
MER-019-T_S-18,Analog Aurora T Shirt 18,ART-019,T_SHIRT,4600,127,191,211,VND-005,1
MER-022-HOO-19,Prism Relay Hoodie 19,ART-022,HOODIE,9000,97,260,211,VND-005,1
MER-025-TOW-20,Sidechain City Towel 20,ART-025,TOWEL,2600,222,167,84,VND-005,1
MER-028-CAP-21,Reverb Forest Cap 21,ART-028,CAP,4000,205,220,223,VND-005,1
MER-031-POS-22,Noise Blossom Poster 22,ART-031,POSTER,2200,209,133,190,VND-005,1
MER-034-ACC-23,Spectrum Taxi Accessory 23,ART-034,ACCESSORY,1800,196,243,140,VND-005,1
MER-001-T_S-24,Lunar Echo T Shirt 24,ART-001,T_SHIRT,4600,197,193,186,VND-005,1
MER-004-HOO-25,Velvet Voltage Hoodie 25,ART-004,HOODIE,9000,101,130,124,VND-005,1
MER-007-TOW-26,Neon Harbor Towel 26,ART-007,TOWEL,2600,102,134,109,VND-005,1
MER-010-CAP-27,Glass Oscillator Cap 27,ART-010,CAP,4000,168,138,160,VND-005,1
MER-013-POS-28,Subsonic Frame Poster 28,ART-013,POSTER,2200,171,200,158,VND-005,1
MER-016-ACC-29,Tempo Mirage Accessory 29,ART-016,ACCESSORY,1800,196,160,135,VND-005,1
MER-019-T_S-30,Analog Aurora T Shirt 30,ART-019,T_SHIRT,4600,106,90,199,VND-005,1
